,ID Race,Race,ID Year,Year,Household Income by Race,Household Income by Race Moe,Geography,ID Geography,Slug Geography
0,0,Total,2019,2019,65712,118.0,United States,01000US,united-states
1,1,White,2019,2019,69823,164.0,United States,01000US,united-states
2,2,Black,2019,2019,43862,335.0,United States,01000US,united-states
3,3,Native American,2019,2019,45476,958.0,United States,01000US,united-states
4,4,Asian,2019,2019,93759,941.9999999999999,United States,01000US,united-states
5,5,Pacific Islander,2019,2019,66464,2470.0,United States,01000US,united-states
6,6,Other,2019,2019,53097,535.0,United States,01000US,united-states
7,7,Two Or More,2019,2019,62085,580.0,United States,01000US,united-states
8,8,White Non-Hispanic,2019,2019,71664,127.0,United States,01000US,united-states
9,9,Hispanic,2019,2019,55658,279.0,United States,01000US,united-states
10,0,Total,2019,2019,61980,437.00000000000006,Georgia,04000US13,georgia
11,1,White,2019,2019,70832,592.0,Georgia,04000US13,georgia
12,2,Black,2019,2019,47096,1177.0,Georgia,04000US13,georgia
13,3,Native American,2019,2019,35588,10886.0,Georgia,04000US13,georgia
14,4,Asian,2019,2019,82158,5631.0,Georgia,04000US13,georgia
15,5,Pacific Islander,2019,2019,62271,19065.0,Georgia,04000US13,georgia
16,6,Other,2019,2019,48103,3797.9999999999995,Georgia,04000US13,georgia
17,7,Two Or More,2019,2019,57721,4334.0,Georgia,04000US13,georgia
18,8,White Non-Hispanic,2019,2019,71790,611.0,Georgia,04000US13,georgia
19,9,Hispanic,2019,2019,52661,2061.0,Georgia,04000US13,georgia
20,0,Total,2019,2019,63652,3193.0,"DeKalb County, GA",05000US13089,dekalb-county-ga
21,0,Total,2019,2019,80013,2733.0,"Fulton County, GA",05000US13121,fulton-county-ga
22,1,White,2019,2019,96693,4361.0,"DeKalb County, GA",05000US13089,dekalb-county-ga
23,1,White,2019,2019,116360,6286.0,"Fulton County, GA",05000US13121,fulton-county-ga
24,2,Black,2019,2019,51484,2742.0,"DeKalb County, GA",05000US13089,dekalb-county-ga
25,2,Black,2019,2019,49822,3465.0000000000005,"Fulton County, GA",05000US13121,fulton-county-ga
26,3,Native American,2019,2019,27944,12803.0,"DeKalb County, GA",05000US13089,dekalb-county-ga
27,3,Native American,2019,2019,62086,40553.0,"Fulton County, GA",05000US13121,fulton-county-ga
28,4,Asian,2019,2019,55401,25243.0,"DeKalb County, GA",05000US13089,dekalb-county-ga
29,4,Asian,2019,2019,111623,16731.0,"Fulton County, GA",05000US13121,fulton-county-ga
30,5,Pacific Islander,2019,2019,70047,67340.0,"Fulton County, GA",05000US13121,fulton-county-ga
31,6,Other,2019,2019,52053,18758.0,"DeKalb County, GA",05000US13089,dekalb-county-ga
32,6,Other,2019,2019,56561,17526.0,"Fulton County, GA",05000US13121,fulton-county-ga
33,7,Two Or More,2019,2019,55747,20504.0,"DeKalb County, GA",05000US13089,dekalb-county-ga
34,7,Two Or More,2019,2019,79784,27947.0,"Fulton County, GA",05000US13121,fulton-county-ga
35,8,White Non-Hispanic,2019,2019,99394,4832.0,"DeKalb County, GA",05000US13089,dekalb-county-ga
36,8,White Non-Hispanic,2019,2019,118708,5366.0,"Fulton County, GA",05000US13121,fulton-county-ga
37,9,Hispanic,2019,2019,45456,7209.000000000001,"DeKalb County, GA",05000US13089,dekalb-county-ga
38,9,Hispanic,2019,2019,66808,9653.0,"Fulton County, GA",05000US13121,fulton-county-ga
39,0,Total,2019,2019,66657,4678.0,"Atlanta, GA",16000US1304000,atlanta-ga
40,1,White,2019,2019,112690,6832.0,"Atlanta, GA",16000US1304000,atlanta-ga
41,2,Black,2019,2019,36358,2872.0,"Atlanta, GA",16000US1304000,atlanta-ga
42,3,Native American,2019,2019,130427,115714.0,"Atlanta, GA",16000US1304000,atlanta-ga
43,4,Asian,2019,2019,105802,31834.0,"Atlanta, GA",16000US1304000,atlanta-ga
44,5,Pacific Islander,2019,2019,70047,67340.0,"Atlanta, GA",16000US1304000,atlanta-ga
45,6,Other,2019,2019,84110,58478.0,"Atlanta, GA",16000US1304000,atlanta-ga
46,7,Two Or More,2019,2019,88785,19035.0,"Atlanta, GA",16000US1304000,atlanta-ga
47,8,White Non-Hispanic,2019,2019,116014,7104.999999999999,"Atlanta, GA",16000US1304000,atlanta-ga
48,9,Hispanic,2019,2019,73534,25441.0,"Atlanta, GA",16000US1304000,atlanta-ga
49,0,Total,2019,2019,71742,702.0,"Atlanta-Sandy Springs-Roswell, GA",31000US12060,atlanta-sandy-springs-roswell-ga
50,1,White,2019,2019,84539,1520.0,"Atlanta-Sandy Springs-Roswell, GA",31000US12060,atlanta-sandy-springs-roswell-ga
51,2,Black,2019,2019,56245,1503.0,"Atlanta-Sandy Springs-Roswell, GA",31000US12060,atlanta-sandy-springs-roswell-ga
52,3,Native American,2019,2019,35500,13639.0,"Atlanta-Sandy Springs-Roswell, GA",31000US12060,atlanta-sandy-springs-roswell-ga
53,4,Asian,2019,2019,86607,8495.0,"Atlanta-Sandy Springs-Roswell, GA",31000US12060,atlanta-sandy-springs-roswell-ga
54,5,Pacific Islander,2019,2019,62082,14941.999999999998,"Atlanta-Sandy Springs-Roswell, GA",31000US12060,atlanta-sandy-springs-roswell-ga
55,6,Other,2019,2019,51204,3425.0000000000005,"Atlanta-Sandy Springs-Roswell, GA",31000US12060,atlanta-sandy-springs-roswell-ga
56,7,Two Or More,2019,2019,67462,8146.000000000001,"Atlanta-Sandy Springs-Roswell, GA",31000US12060,atlanta-sandy-springs-roswell-ga
57,8,White Non-Hispanic,2019,2019,87424,1469.0,"Atlanta-Sandy Springs-Roswell, GA",31000US12060,atlanta-sandy-springs-roswell-ga
58,9,Hispanic,2019,2019,54390,2849.0,"Atlanta-Sandy Springs-Roswell, GA",31000US12060,atlanta-sandy-springs-roswell-ga
59,0,Total,2018,2018,61937,94.0,United States,01000US,united-states
60,1,White,2018,2018,65902,120.00000000000001,United States,01000US,united-states
61,2,Black,2018,2018,41511,183.0,United States,01000US,united-states
62,3,Native American,2018,2018,44772,1038.0,United States,01000US,united-states
63,4,Asian,2018,2018,87243,698.0,United States,01000US,united-states
64,5,Pacific Islander,2018,2018,61911,2303.0,United States,01000US,united-states
65,6,Other,2018,2018,48983,451.0,United States,01000US,united-states
66,7,Two Or More,2018,2018,59199,893.9999999999999,United States,01000US,united-states
67,8,White Non-Hispanic,2018,2018,67937,151.0,United States,01000US,united-states
68,9,Hispanic,2018,2018,51404,182.0,United States,01000US,united-states
69,0,Total,2018,2018,58756,711.0,Georgia,04000US13,georgia
70,1,White,2018,2018,66421,732.0,Georgia,04000US13,georgia
71,2,Black,2018,2018,45100,878.0,Georgia,04000US13,georgia
72,3,Native American,2018,2018,31917,7269.000000000001,Georgia,04000US13,georgia
73,4,Asian,2018,2018,81531,2508.0,Georgia,04000US13,georgia
74,5,Pacific Islander,2018,2018,40959,9637.0,Georgia,04000US13,georgia
75,6,Other,2018,2018,50121,3512.0,Georgia,04000US13,georgia
76,7,Two Or More,2018,2018,56856,5680.0,Georgia,04000US13,georgia
77,8,White Non-Hispanic,2018,2018,68055,1037.0,Georgia,04000US13,georgia
78,9,Hispanic,2018,2018,50955,1087.0,Georgia,04000US13,georgia
79,0,Total,2018,2018,64461,3851.0,"DeKalb County, GA",05000US13089,dekalb-county-ga
80,0,Total,2018,2018,70930,1226.0,"Fulton County, GA",05000US13121,fulton-county-ga
81,1,White,2018,2018,95450,4486.0,"DeKalb County, GA",05000US13089,dekalb-county-ga
82,1,White,2018,2018,100303,5600.0,"Fulton County, GA",05000US13121,fulton-county-ga
83,2,Black,2018,2018,50901,2589.0,"DeKalb County, GA",05000US13089,dekalb-county-ga
84,2,Black,2018,2018,48035,2742.0,"Fulton County, GA",05000US13121,fulton-county-ga
85,3,Native American,2018,2018,22129,11838.0,"DeKalb County, GA",05000US13089,dekalb-county-ga
86,3,Native American,2018,2018,79924,24950.0,"Fulton County, GA",05000US13121,fulton-county-ga
87,4,Asian,2018,2018,67407,17753.0,"DeKalb County, GA",05000US13089,dekalb-county-ga
88,4,Asian,2018,2018,100401,11123.0,"Fulton County, GA",05000US13121,fulton-county-ga
89,6,Other,2018,2018,94371,40995.0,"DeKalb County, GA",05000US13089,dekalb-county-ga
90,6,Other,2018,2018,75422,43271.0,"Fulton County, GA",05000US13121,fulton-county-ga
91,7,Two Or More,2018,2018,70485,17845.0,"DeKalb County, GA",05000US13089,dekalb-county-ga
92,7,Two Or More,2018,2018,66588,12192.0,"Fulton County, GA",05000US13121,fulton-county-ga
93,8,White Non-Hispanic,2018,2018,100256,3806.0,"DeKalb County, GA",05000US13089,dekalb-county-ga
94,8,White Non-Hispanic,2018,2018,104994,6553.0,"Fulton County, GA",05000US13121,fulton-county-ga
95,9,Hispanic,2018,2018,48807,8272.0,"DeKalb County, GA",05000US13089,dekalb-county-ga
96,9,Hispanic,2018,2018,52162,6244.0,"Fulton County, GA",05000US13121,fulton-county-ga
97,0,Total,2018,2018,65345,2632.0,"Atlanta, GA",16000US1304000,atlanta-ga
98,1,White,2018,2018,102693,4706.0,"Atlanta, GA",16000US1304000,atlanta-ga
99,2,Black,2018,2018,35048,4162.0,"Atlanta, GA",16000US1304000,atlanta-ga
100,4,Asian,2018,2018,71625,13501.999999999998,"Atlanta, GA",16000US1304000,atlanta-ga
101,6,Other,2018,2018,73559,19037.0,"Atlanta, GA",16000US1304000,atlanta-ga
102,7,Two Or More,2018,2018,70179,14627.999999999998,"Atlanta, GA",16000US1304000,atlanta-ga
103,8,White Non-Hispanic,2018,2018,104408,7510.999999999999,"Atlanta, GA",16000US1304000,atlanta-ga
104,9,Hispanic,2018,2018,66967,14503.000000000002,"Atlanta, GA",16000US1304000,atlanta-ga
105,0,Total,2018,2018,69464,1074.0,"Atlanta-Sandy Springs-Roswell, GA",31000US12060,atlanta-sandy-springs-roswell-ga
106,1,White,2018,2018,80470,948.0,"Atlanta-Sandy Springs-Roswell, GA",31000US12060,atlanta-sandy-springs-roswell-ga
107,2,Black,2018,2018,54456,1749.9999999999998,"Atlanta-Sandy Springs-Roswell, GA",31000US12060,atlanta-sandy-springs-roswell-ga
108,3,Native American,2018,2018,33141,11622.0,"Atlanta-Sandy Springs-Roswell, GA",31000US12060,atlanta-sandy-springs-roswell-ga
109,4,Asian,2018,2018,85845,3370.0,"Atlanta-Sandy Springs-Roswell, GA",31000US12060,atlanta-sandy-springs-roswell-ga
110,6,Other,2018,2018,53272,5470.0,"Atlanta-Sandy Springs-Roswell, GA",31000US12060,atlanta-sandy-springs-roswell-ga
111,7,Two Or More,2018,2018,63788,6402.0,"Atlanta-Sandy Springs-Roswell, GA",31000US12060,atlanta-sandy-springs-roswell-ga
112,8,White Non-Hispanic,2018,2018,83323,1294.0,"Atlanta-Sandy Springs-Roswell, GA",31000US12060,atlanta-sandy-springs-roswell-ga
113,9,Hispanic,2018,2018,55163,2641.0,"Atlanta-Sandy Springs-Roswell, GA",31000US12060,atlanta-sandy-springs-roswell-ga
114,0,Total,2017,2017,60336,86.0,United States,01000US,united-states
115,1,White,2017,2017,63704,144.0,United States,01000US,united-states
116,2,Black,2017,2017,40232,193.0,United States,01000US,united-states
117,3,Native American,2017,2017,41882,629.0,United States,01000US,united-states
118,4,Asian,2017,2017,83456,765.0,United States,01000US,united-states
119,5,Pacific Islander,2017,2017,60734,2982.0,United States,01000US,united-states
120,6,Other,2017,2017,47219,377.0,United States,01000US,united-states
121,7,Two Or More,2017,2017,56519,697.0,United States,01000US,united-states
122,8,White Non-Hispanic,2017,2017,65845,127.0,United States,01000US,united-states
123,9,Hispanic,2017,2017,49793,257.0,United States,01000US,united-states
124,0,Total,2017,2017,56183,572.0,Georgia,04000US13,georgia
125,1,White,2017,2017,63900,984.9999999999999,Georgia,04000US13,georgia
126,2,Black,2017,2017,42696,1056.0,Georgia,04000US13,georgia
127,3,Native American,2017,2017,49294,13619.0,Georgia,04000US13,georgia
128,4,Asian,2017,2017,77389,4704.0,Georgia,04000US13,georgia
129,5,Pacific Islander,2017,2017,51853,11797.0,Georgia,04000US13,georgia
130,6,Other,2017,2017,40309,3584.0,Georgia,04000US13,georgia
131,7,Two Or More,2017,2017,50719,4617.0,Georgia,04000US13,georgia
132,8,White Non-Hispanic,2017,2017,65420,729.0,Georgia,04000US13,georgia
133,9,Hispanic,2017,2017,46144,1795.0,Georgia,04000US13,georgia
134,0,Total,2017,2017,61827,2120.0,"DeKalb County, GA",05000US13089,dekalb-county-ga
135,0,Total,2017,2017,65037,1921.9999999999998,"Fulton County, GA",05000US13121,fulton-county-ga
136,1,White,2017,2017,90052,4656.0,"DeKalb County, GA",05000US13089,dekalb-county-ga
137,1,White,2017,2017,99950,4734.0,"Fulton County, GA",05000US13121,fulton-county-ga
138,2,Black,2017,2017,51017,1951.0,"DeKalb County, GA",05000US13089,dekalb-county-ga
139,2,Black,2017,2017,40220,2223.0,"Fulton County, GA",05000US13121,fulton-county-ga
140,3,Native American,2017,2017,32979,9325.0,"DeKalb County, GA",05000US13089,dekalb-county-ga
141,3,Native American,2017,2017,56352,10771.0,"Fulton County, GA",05000US13121,fulton-county-ga
142,4,Asian,2017,2017,60692,9316.0,"DeKalb County, GA",05000US13089,dekalb-county-ga
143,4,Asian,2017,2017,93690,8172.0,"Fulton County, GA",05000US13121,fulton-county-ga
144,6,Other,2017,2017,33250,26901.0,"DeKalb County, GA",05000US13089,dekalb-county-ga
145,6,Other,2017,2017,55212,21151.0,"Fulton County, GA",05000US13121,fulton-county-ga
146,7,Two Or More,2017,2017,55306,26014.0,"DeKalb County, GA",05000US13089,dekalb-county-ga
147,7,Two Or More,2017,2017,62715,24134.0,"Fulton County, GA",05000US13121,fulton-county-ga
148,8,White Non-Hispanic,2017,2017,95809,5350.0,"DeKalb County, GA",05000US13089,dekalb-county-ga
149,8,White Non-Hispanic,2017,2017,102053,2686.0,"Fulton County, GA",05000US13121,fulton-county-ga
150,9,Hispanic,2017,2017,51275,4725.0,"DeKalb County, GA",05000US13089,dekalb-county-ga
151,9,Hispanic,2017,2017,56206,8021.0,"Fulton County, GA",05000US13121,fulton-county-ga
152,0,Total,2017,2017,57597,3481.0000000000005,"Atlanta, GA",16000US1304000,atlanta-ga
153,1,White,2017,2017,104800,7712.999999999999,"Atlanta, GA",16000US1304000,atlanta-ga
154,2,Black,2017,2017,32074,1807.0,"Atlanta, GA",16000US1304000,atlanta-ga
155,3,Native American,2017,2017,55558,53442.0,"Atlanta, GA",16000US1304000,atlanta-ga
156,4,Asian,2017,2017,77052,10572.0,"Atlanta, GA",16000US1304000,atlanta-ga
157,6,Other,2017,2017,55826,29125.999999999996,"Atlanta, GA",16000US1304000,atlanta-ga
158,7,Two Or More,2017,2017,48210,21202.0,"Atlanta, GA",16000US1304000,atlanta-ga
159,8,White Non-Hispanic,2017,2017,106413,8253.0,"Atlanta, GA",16000US1304000,atlanta-ga
160,9,Hispanic,2017,2017,55864,10910.0,"Atlanta, GA",16000US1304000,atlanta-ga
161,0,Total,2017,2017,65381,760.0,"Atlanta-Sandy Springs-Roswell, GA",31000US12060,atlanta-sandy-springs-roswell-ga
162,1,White,2017,2017,76097,1201.0,"Atlanta-Sandy Springs-Roswell, GA",31000US12060,atlanta-sandy-springs-roswell-ga
163,2,Black,2017,2017,51397,1062.0,"Atlanta-Sandy Springs-Roswell, GA",31000US12060,atlanta-sandy-springs-roswell-ga
164,3,Native American,2017,2017,42446,10267.0,"Atlanta-Sandy Springs-Roswell, GA",31000US12060,atlanta-sandy-springs-roswell-ga
165,4,Asian,2017,2017,81871,4650.0,"Atlanta-Sandy Springs-Roswell, GA",31000US12060,atlanta-sandy-springs-roswell-ga
166,6,Other,2017,2017,45265,4820.0,"Atlanta-Sandy Springs-Roswell, GA",31000US12060,atlanta-sandy-springs-roswell-ga
167,7,Two Or More,2017,2017,62435,12440.0,"Atlanta-Sandy Springs-Roswell, GA",31000US12060,atlanta-sandy-springs-roswell-ga
168,8,White Non-Hispanic,2017,2017,78386,1777.0,"Atlanta-Sandy Springs-Roswell, GA",31000US12060,atlanta-sandy-springs-roswell-ga
169,9,Hispanic,2017,2017,49874,2493.0,"Atlanta-Sandy Springs-Roswell, GA",31000US12060,atlanta-sandy-springs-roswell-ga
170,0,Total,2016,2016,57617,115.0,United States,01000US,united-states
171,1,White,2016,2016,61349,88.0,United States,01000US,united-states
172,2,Black,2016,2016,38555,248.0,United States,01000US,united-states
173,3,Native American,2016,2016,39719,1029.0,United States,01000US,united-states
174,4,Asian,2016,2016,80720,446.0,United States,01000US,united-states
175,5,Pacific Islander,2016,2016,57112,3218.0,United States,01000US,united-states
176,6,Other,2016,2016,44798,494.99999999999994,United States,01000US,united-states
177,7,Two Or More,2016,2016,53114,685.0,United States,01000US,united-states
178,8,White Non-Hispanic,2016,2016,63155,127.0,United States,01000US,united-states
179,9,Hispanic,2016,2016,46882,210.0,United States,01000US,united-states
180,0,Total,2016,2016,53559,710.0,Georgia,04000US13,georgia
181,1,White,2016,2016,61005,601.0,Georgia,04000US13,georgia
182,2,Black,2016,2016,41337,542.0,Georgia,04000US13,georgia
183,3,Native American,2016,2016,28548,7919.0,Georgia,04000US13,georgia
184,4,Asian,2016,2016,75632,5167.0,Georgia,04000US13,georgia
185,6,Other,2016,2016,41354,3348.0,Georgia,04000US13,georgia
186,7,Two Or More,2016,2016,57396,5011.0,Georgia,04000US13,georgia
187,8,White Non-Hispanic,2016,2016,62023,674.0,Georgia,04000US13,georgia
188,9,Hispanic,2016,2016,46389,1649.0,Georgia,04000US13,georgia
189,0,Total,2016,2016,56109,2380.0,"DeKalb County, GA",05000US13089,dekalb-county-ga
190,0,Total,2016,2016,63510,2970.0,"Fulton County, GA",05000US13121,fulton-county-ga
191,1,White,2016,2016,82332,3747.9999999999995,"DeKalb County, GA",05000US13089,dekalb-county-ga
192,1,White,2016,2016,91976,4022.0000000000005,"Fulton County, GA",05000US13121,fulton-county-ga
193,2,Black,2016,2016,45483,3282.0,"DeKalb County, GA",05000US13089,dekalb-county-ga
194,2,Black,2016,2016,38516,2127.0,"Fulton County, GA",05000US13121,fulton-county-ga
195,3,Native American,2016,2016,18110,7292.0,"DeKalb County, GA",05000US13089,dekalb-county-ga
196,3,Native American,2016,2016,39137,25508.0,"Fulton County, GA",05000US13121,fulton-county-ga
197,4,Asian,2016,2016,52234,10401.0,"DeKalb County, GA",05000US13089,dekalb-county-ga
198,4,Asian,2016,2016,95867,11960.0,"Fulton County, GA",05000US13121,fulton-county-ga
199,5,Pacific Islander,2016,2016,103912,26655.0,"Fulton County, GA",05000US13121,fulton-county-ga
200,6,Other,2016,2016,41518,17402.0,"DeKalb County, GA",05000US13089,dekalb-county-ga
201,6,Other,2016,2016,46383,21071.0,"Fulton County, GA",05000US13121,fulton-county-ga
202,7,Two Or More,2016,2016,58049,15748.0,"DeKalb County, GA",05000US13089,dekalb-county-ga
203,7,Two Or More,2016,2016,58422,17924.0,"Fulton County, GA",05000US13121,fulton-county-ga
204,8,White Non-Hispanic,2016,2016,88344,4891.0,"DeKalb County, GA",05000US13089,dekalb-county-ga
205,8,White Non-Hispanic,2016,2016,97017,5840.0,"Fulton County, GA",05000US13121,fulton-county-ga
206,9,Hispanic,2016,2016,50525,5462.0,"DeKalb County, GA",05000US13089,dekalb-county-ga
207,9,Hispanic,2016,2016,52116,3995.0,"Fulton County, GA",05000US13121,fulton-county-ga
208,0,Total,2016,2016,53843,2765.0,"Atlanta, GA",16000US1304000,atlanta-ga
209,1,White,2016,2016,88226,6427.0,"Atlanta, GA",16000US1304000,atlanta-ga
210,2,Black,2016,2016,29107,2361.0,"Atlanta, GA",16000US1304000,atlanta-ga
211,3,Native American,2016,2016,67288,29638.0,"Atlanta, GA",16000US1304000,atlanta-ga
212,4,Asian,2016,2016,84408,18541.0,"Atlanta, GA",16000US1304000,atlanta-ga
213,6,Other,2016,2016,55355,41990.0,"Atlanta, GA",16000US1304000,atlanta-ga
214,7,Two Or More,2016,2016,57340,27600.000000000004,"Atlanta, GA",16000US1304000,atlanta-ga
215,8,White Non-Hispanic,2016,2016,90396,5584.0,"Atlanta, GA",16000US1304000,atlanta-ga
216,9,Hispanic,2016,2016,66458,22720.0,"Atlanta, GA",16000US1304000,atlanta-ga
217,0,Total,2016,2016,62613,890.0,"Atlanta-Sandy Springs-Roswell, GA",31000US12060,atlanta-sandy-springs-roswell-ga
218,1,White,2016,2016,72863,1290.0,"Atlanta-Sandy Springs-Roswell, GA",31000US12060,atlanta-sandy-springs-roswell-ga
219,2,Black,2016,2016,48161,1481.0,"Atlanta-Sandy Springs-Roswell, GA",31000US12060,atlanta-sandy-springs-roswell-ga
220,3,Native American,2016,2016,27843,7919.0,"Atlanta-Sandy Springs-Roswell, GA",31000US12060,atlanta-sandy-springs-roswell-ga
221,4,Asian,2016,2016,80209,3352.0,"Atlanta-Sandy Springs-Roswell, GA",31000US12060,atlanta-sandy-springs-roswell-ga
222,5,Pacific Islander,2016,2016,71265,60461.0,"Atlanta-Sandy Springs-Roswell, GA",31000US12060,atlanta-sandy-springs-roswell-ga
223,6,Other,2016,2016,43919,3741.0,"Atlanta-Sandy Springs-Roswell, GA",31000US12060,atlanta-sandy-springs-roswell-ga
224,7,Two Or More,2016,2016,65832,8038.0,"Atlanta-Sandy Springs-Roswell, GA",31000US12060,atlanta-sandy-springs-roswell-ga
225,8,White Non-Hispanic,2016,2016,75435,1099.0,"Atlanta-Sandy Springs-Roswell, GA",31000US12060,atlanta-sandy-springs-roswell-ga
226,9,Hispanic,2016,2016,50563,2109.0,"Atlanta-Sandy Springs-Roswell, GA",31000US12060,atlanta-sandy-springs-roswell-ga
227,0,Total,2015,2015,55775,85.0,United States,01000US,united-states
228,1,White,2015,2015,59698,140.0,United States,01000US,united-states
229,2,Black,2015,2015,36544,162.0,United States,01000US,united-states
230,3,Native American,2015,2015,38530,939.0,United States,01000US,united-states
231,4,Asian,2015,2015,77368,547.0,United States,01000US,united-states
232,5,Pacific Islander,2015,2015,55607,2870.0,United States,01000US,united-states
233,6,Other,2015,2015,42461,349.0,United States,01000US,united-states
234,7,Two Or More,2015,2015,51737,460.0,United States,01000US,united-states
235,8,White Non-Hispanic,2015,2015,61394,95.0,United States,01000US,united-states
236,9,Hispanic,2015,2015,44782,281.0,United States,01000US,united-states
237,0,Total,2015,2015,51244,372.0,Georgia,04000US13,georgia
238,1,White,2015,2015,58791,852.0,Georgia,04000US13,georgia
239,2,Black,2015,2015,37855,1008.0000000000001,Georgia,04000US13,georgia
240,3,Native American,2015,2015,38128,6915.000000000001,Georgia,04000US13,georgia
241,4,Asian,2015,2015,72924,3504.0,Georgia,04000US13,georgia
242,6,Other,2015,2015,37218,2757.0,Georgia,04000US13,georgia
243,7,Two Or More,2015,2015,49279,3975.0,Georgia,04000US13,georgia
244,8,White Non-Hispanic,2015,2015,60125,563.0,Georgia,04000US13,georgia
245,9,Hispanic,2015,2015,41252,1356.0,Georgia,04000US13,georgia
246,0,Total,2015,2015,54057,2666.0,"DeKalb County, GA",05000US13089,dekalb-county-ga
247,0,Total,2015,2015,60291,1759.9999999999998,"Fulton County, GA",05000US13121,fulton-county-ga
248,1,White,2015,2015,74350,3897.0,"DeKalb County, GA",05000US13089,dekalb-county-ga
249,1,White,2015,2015,88853,4051.0,"Fulton County, GA",05000US13121,fulton-county-ga
250,2,Black,2015,2015,45449,2037.0,"DeKalb County, GA",05000US13089,dekalb-county-ga
251,2,Black,2015,2015,37527,1782.9999999999998,"Fulton County, GA",05000US13121,fulton-county-ga
252,3,Native American,2015,2015,35856,9217.0,"DeKalb County, GA",05000US13089,dekalb-county-ga
253,3,Native American,2015,2015,37574,18767.0,"Fulton County, GA",05000US13121,fulton-county-ga
254,4,Asian,2015,2015,70676,15898.000000000002,"DeKalb County, GA",05000US13089,dekalb-county-ga
255,4,Asian,2015,2015,100214,9845.0,"Fulton County, GA",05000US13121,fulton-county-ga
256,6,Other,2015,2015,28187,5936.0,"DeKalb County, GA",05000US13089,dekalb-county-ga
257,6,Other,2015,2015,40262,14679.0,"Fulton County, GA",05000US13121,fulton-county-ga
258,7,Two Or More,2015,2015,36463,16653.0,"DeKalb County, GA",05000US13089,dekalb-county-ga
259,7,Two Or More,2015,2015,53115,14497.0,"Fulton County, GA",05000US13121,fulton-county-ga
260,8,White Non-Hispanic,2015,2015,78548,3562.0000000000005,"DeKalb County, GA",05000US13089,dekalb-county-ga
261,8,White Non-Hispanic,2015,2015,91843,2626.0,"Fulton County, GA",05000US13121,fulton-county-ga
262,9,Hispanic,2015,2015,40019,4604.0,"DeKalb County, GA",05000US13089,dekalb-county-ga
263,9,Hispanic,2015,2015,54234,9507.0,"Fulton County, GA",05000US13121,fulton-county-ga
264,0,Total,2015,2015,50210,2242.0,"Atlanta, GA",16000US1304000,atlanta-ga
265,1,White,2015,2015,81640,3331.0,"Atlanta, GA",16000US1304000,atlanta-ga
266,2,Black,2015,2015,30831,1696.9999999999998,"Atlanta, GA",16000US1304000,atlanta-ga
267,3,Native American,2015,2015,20842,9568.0,"Atlanta, GA",16000US1304000,atlanta-ga
268,4,Asian,2015,2015,75589,7650.000000000001,"Atlanta, GA",16000US1304000,atlanta-ga
269,7,Two Or More,2015,2015,52457,14492.0,"Atlanta, GA",16000US1304000,atlanta-ga
270,8,White Non-Hispanic,2015,2015,82184,3806.0,"Atlanta, GA",16000US1304000,atlanta-ga
271,9,Hispanic,2015,2015,49799,12912.0,"Atlanta, GA",16000US1304000,atlanta-ga
272,0,Total,2015,2015,60219,463.99999999999994,"Atlanta-Sandy Springs-Roswell, GA",31000US12060,atlanta-sandy-springs-roswell-ga
273,1,White,2015,2015,70562,701.0,"Atlanta-Sandy Springs-Roswell, GA",31000US12060,atlanta-sandy-springs-roswell-ga
274,2,Black,2015,2015,45736,925.0,"Atlanta-Sandy Springs-Roswell, GA",31000US12060,atlanta-sandy-springs-roswell-ga
275,3,Native American,2015,2015,37957,6458.0,"Atlanta-Sandy Springs-Roswell, GA",31000US12060,atlanta-sandy-springs-roswell-ga
276,4,Asian,2015,2015,76241,2759.0,"Atlanta-Sandy Springs-Roswell, GA",31000US12060,atlanta-sandy-springs-roswell-ga
277,6,Other,2015,2015,39924,4361.0,"Atlanta-Sandy Springs-Roswell, GA",31000US12060,atlanta-sandy-springs-roswell-ga
278,7,Two Or More,2015,2015,50719,3656.9999999999995,"Atlanta-Sandy Springs-Roswell, GA",31000US12060,atlanta-sandy-springs-roswell-ga
279,8,White Non-Hispanic,2015,2015,72392,969.0,"Atlanta-Sandy Springs-Roswell, GA",31000US12060,atlanta-sandy-springs-roswell-ga
280,9,Hispanic,2015,2015,43037,2824.0,"Atlanta-Sandy Springs-Roswell, GA",31000US12060,atlanta-sandy-springs-roswell-ga
281,0,Total,2014,2014,53657,93.0,United States,01000US,united-states
282,1,White,2014,2014,57355,94.0,United States,01000US,united-states
283,2,Black,2014,2014,35481,167.0,United States,01000US,united-states
284,3,Native American,2014,2014,37227,789.0,United States,01000US,united-states
285,4,Asian,2014,2014,74105,683.0,United States,01000US,united-states
286,5,Pacific Islander,2014,2014,52815,2474.0,United States,01000US,united-states
287,6,Other,2014,2014,40865,303.0,United States,01000US,united-states
288,7,Two Or More,2014,2014,48424,715.0,United States,01000US,united-states
289,8,White Non-Hispanic,2014,2014,59622,115.99999999999999,United States,01000US,united-states
290,9,Hispanic,2014,2014,42748,237.0,United States,01000US,united-states
291,0,Total,2014,2014,49321,543.0,Georgia,04000US13,georgia
292,1,White,2014,2014,56315,583.0,Georgia,04000US13,georgia
293,2,Black,2014,2014,36521,603.0,Georgia,04000US13,georgia
294,3,Native American,2014,2014,36429,7206.999999999999,Georgia,04000US13,georgia
295,4,Asian,2014,2014,67044,4222.0,Georgia,04000US13,georgia
296,5,Pacific Islander,2014,2014,61760,19622.0,Georgia,04000US13,georgia
297,6,Other,2014,2014,37174,3334.0,Georgia,04000US13,georgia
298,7,Two Or More,2014,2014,45775,4444.0,Georgia,04000US13,georgia
299,8,White Non-Hispanic,2014,2014,57555,763.0,Georgia,04000US13,georgia
300,9,Hispanic,2014,2014,39492,1985.0,Georgia,04000US13,georgia
301,0,Total,2014,2014,50542,1308.0,"DeKalb County, GA",05000US13089,dekalb-county-ga
302,0,Total,2014,2014,55807,1746.0,"Fulton County, GA",05000US13121,fulton-county-ga
303,1,White,2014,2014,75089,3092.0,"DeKalb County, GA",05000US13089,dekalb-county-ga
304,1,White,2014,2014,83225,4560.0,"Fulton County, GA",05000US13121,fulton-county-ga
305,2,Black,2014,2014,40882,1794.0,"DeKalb County, GA",05000US13089,dekalb-county-ga
306,2,Black,2014,2014,35483,2068.0,"Fulton County, GA",05000US13121,fulton-county-ga
307,3,Native American,2014,2014,41970,40619.0,"DeKalb County, GA",05000US13089,dekalb-county-ga
308,3,Native American,2014,2014,13646,9632.0,"Fulton County, GA",05000US13121,fulton-county-ga
309,4,Asian,2014,2014,61521,9423.0,"DeKalb County, GA",05000US13089,dekalb-county-ga
310,4,Asian,2014,2014,94738,10524.0,"Fulton County, GA",05000US13121,fulton-county-ga
311,6,Other,2014,2014,27669,5285.0,"DeKalb County, GA",05000US13089,dekalb-county-ga
312,6,Other,2014,2014,30529,10130.0,"Fulton County, GA",05000US13121,fulton-county-ga
313,7,Two Or More,2014,2014,40692,7234.000000000001,"DeKalb County, GA",05000US13089,dekalb-county-ga
314,7,Two Or More,2014,2014,59524,16587.0,"Fulton County, GA",05000US13121,fulton-county-ga
315,8,White Non-Hispanic,2014,2014,80745,3433.9999999999995,"DeKalb County, GA",05000US13089,dekalb-county-ga
316,8,White Non-Hispanic,2014,2014,87514,4088.0000000000005,"Fulton County, GA",05000US13121,fulton-county-ga
317,9,Hispanic,2014,2014,35651,5741.0,"DeKalb County, GA",05000US13089,dekalb-county-ga
318,9,Hispanic,2014,2014,41918,8474.0,"Fulton County, GA",05000US13121,fulton-county-ga
319,0,Total,2014,2014,46777,1621.0,"Atlanta, GA",16000US1304000,atlanta-ga
320,1,White,2014,2014,78755,6170.0,"Atlanta, GA",16000US1304000,atlanta-ga
321,2,Black,2014,2014,26800,1954.0,"Atlanta, GA",16000US1304000,atlanta-ga
322,4,Asian,2014,2014,70712,7707.999999999999,"Atlanta, GA",16000US1304000,atlanta-ga
323,6,Other,2014,2014,23667,6067.0,"Atlanta, GA",16000US1304000,atlanta-ga
324,7,Two Or More,2014,2014,46178,26349.0,"Atlanta, GA",16000US1304000,atlanta-ga
325,8,White Non-Hispanic,2014,2014,81344,6246.0,"Atlanta, GA",16000US1304000,atlanta-ga
326,9,Hispanic,2014,2014,31245,11438.0,"Atlanta, GA",16000US1304000,atlanta-ga
327,0,Total,2014,2014,56166,741.0,"Atlanta-Sandy Springs-Roswell, GA",31000US12060,atlanta-sandy-springs-roswell-ga
328,1,White,2014,2014,66582,950.9999999999999,"Atlanta-Sandy Springs-Roswell, GA",31000US12060,atlanta-sandy-springs-roswell-ga
329,2,Black,2014,2014,42974,993.0000000000001,"Atlanta-Sandy Springs-Roswell, GA",31000US12060,atlanta-sandy-springs-roswell-ga
330,3,Native American,2014,2014,42235,28398.000000000004,"Atlanta-Sandy Springs-Roswell, GA",31000US12060,atlanta-sandy-springs-roswell-ga
331,4,Asian,2014,2014,70988,3741.0,"Atlanta-Sandy Springs-Roswell, GA",31000US12060,atlanta-sandy-springs-roswell-ga
332,5,Pacific Islander,2014,2014,62312,51705.0,"Atlanta-Sandy Springs-Roswell, GA",31000US12060,atlanta-sandy-springs-roswell-ga
333,6,Other,2014,2014,36891,6282.0,"Atlanta-Sandy Springs-Roswell, GA",31000US12060,atlanta-sandy-springs-roswell-ga
334,7,Two Or More,2014,2014,52410,4386.0,"Atlanta-Sandy Springs-Roswell, GA",31000US12060,atlanta-sandy-springs-roswell-ga
335,8,White Non-Hispanic,2014,2014,69485,1353.0,"Atlanta-Sandy Springs-Roswell, GA",31000US12060,atlanta-sandy-springs-roswell-ga
336,9,Hispanic,2014,2014,40033,2375.0,"Atlanta-Sandy Springs-Roswell, GA",31000US12060,atlanta-sandy-springs-roswell-ga
337,0,Total,2013,2013,52250,65.0,United States,01000US,united-states
338,1,White,2013,2013,55867,106.0,United States,01000US,united-states
339,2,Black,2013,2013,34815,202.0,United States,01000US,united-states
340,3,Native American,2013,2013,36641,653.0,United States,01000US,united-states
341,4,Asian,2013,2013,72472,609.0,United States,01000US,united-states
342,5,Pacific Islander,2013,2013,50591,1921.0,United States,01000US,united-states
343,6,Other,2013,2013,39346,487.00000000000006,United States,01000US,united-states
344,7,Two Or More,2013,2013,46709,487.00000000000006,United States,01000US,united-states
345,8,White Non-Hispanic,2013,2013,57684,143.0,United States,01000US,united-states
346,9,Hispanic,2013,2013,41508,182.0,United States,01000US,united-states
347,0,Total,2013,2013,47829,628.0,Georgia,04000US13,georgia
348,1,White,2013,2013,54717,697.0,Georgia,04000US13,georgia
349,2,Black,2013,2013,35288,639.0,Georgia,04000US13,georgia
350,3,Native American,2013,2013,44849,6242.0,Georgia,04000US13,georgia
351,4,Asian,2013,2013,63314,5067.0,Georgia,04000US13,georgia
352,5,Pacific Islander,2013,2013,32638,6165.0,Georgia,04000US13,georgia
353,6,Other,2013,2013,34643,2170.0,Georgia,04000US13,georgia
354,7,Two Or More,2013,2013,49548,4815.0,Georgia,04000US13,georgia
355,8,White Non-Hispanic,2013,2013,56264,632.0,Georgia,04000US13,georgia
356,9,Hispanic,2013,2013,36921,1163.0,Georgia,04000US13,georgia
357,0,Total,2013,2013,49796,2166.0,"DeKalb County, GA",05000US13089,dekalb-county-ga
358,0,Total,2013,2013,55914,1843.0,"Fulton County, GA",05000US13121,fulton-county-ga
359,1,White,2013,2013,67779,4636.0,"DeKalb County, GA",05000US13089,dekalb-county-ga
360,1,White,2013,2013,81518,2980.0,"Fulton County, GA",05000US13121,fulton-county-ga
361,2,Black,2013,2013,39963,2039.0000000000002,"DeKalb County, GA",05000US13089,dekalb-county-ga
362,2,Black,2013,2013,35607,1568.0,"Fulton County, GA",05000US13121,fulton-county-ga
363,4,Asian,2013,2013,46722,14367.0,"DeKalb County, GA",05000US13089,dekalb-county-ga
364,4,Asian,2013,2013,90879,4962.0,"Fulton County, GA",05000US13121,fulton-county-ga
365,5,Pacific Islander,2013,2013,81544,40112.0,"Fulton County, GA",05000US13121,fulton-county-ga
366,6,Other,2013,2013,47840,19324.0,"DeKalb County, GA",05000US13089,dekalb-county-ga
367,6,Other,2013,2013,41411,15469.0,"Fulton County, GA",05000US13121,fulton-county-ga
368,7,Two Or More,2013,2013,47330,30028.0,"DeKalb County, GA",05000US13089,dekalb-county-ga
369,7,Two Or More,2013,2013,46170,7373.999999999999,"Fulton County, GA",05000US13121,fulton-county-ga
370,8,White Non-Hispanic,2013,2013,75622,2518.0,"DeKalb County, GA",05000US13089,dekalb-county-ga
371,8,White Non-Hispanic,2013,2013,85833,3706.0,"Fulton County, GA",05000US13121,fulton-county-ga
372,9,Hispanic,2013,2013,36551,3669.0,"DeKalb County, GA",05000US13089,dekalb-county-ga
373,9,Hispanic,2013,2013,36597,3080.0,"Fulton County, GA",05000US13121,fulton-county-ga
374,0,Total,2013,2013,46485,2654.0,"Atlanta, GA",16000US1304000,atlanta-ga
375,1,White,2013,2013,80993,4169.0,"Atlanta, GA",16000US1304000,atlanta-ga
376,2,Black,2013,2013,25384,2217.0,"Atlanta, GA",16000US1304000,atlanta-ga
377,4,Asian,2013,2013,67336,14627.999999999998,"Atlanta, GA",16000US1304000,atlanta-ga
378,6,Other,2013,2013,58657,18710.0,"Atlanta, GA",16000US1304000,atlanta-ga
379,7,Two Or More,2013,2013,43333,9793.0,"Atlanta, GA",16000US1304000,atlanta-ga
380,8,White Non-Hispanic,2013,2013,82535,4940.0,"Atlanta, GA",16000US1304000,atlanta-ga
381,9,Hispanic,2013,2013,48236,13735.000000000002,"Atlanta, GA",16000US1304000,atlanta-ga
382,0,Total,2013,2013,55733,675.0,"Atlanta-Sandy Springs-Roswell, GA",31000US12060,atlanta-sandy-springs-roswell-ga
383,1,White,2013,2013,65397,1116.0,"Atlanta-Sandy Springs-Roswell, GA",31000US12060,atlanta-sandy-springs-roswell-ga
384,2,Black,2013,2013,41803,843.0,"Atlanta-Sandy Springs-Roswell, GA",31000US12060,atlanta-sandy-springs-roswell-ga
385,3,Native American,2013,2013,47736,9847.0,"Atlanta-Sandy Springs-Roswell, GA",31000US12060,atlanta-sandy-springs-roswell-ga
386,4,Asian,2013,2013,67611,4715.0,"Atlanta-Sandy Springs-Roswell, GA",31000US12060,atlanta-sandy-springs-roswell-ga
387,5,Pacific Islander,2013,2013,32626,16360.0,"Atlanta-Sandy Springs-Roswell, GA",31000US12060,atlanta-sandy-springs-roswell-ga
388,6,Other,2013,2013,35304,2761.0,"Atlanta-Sandy Springs-Roswell, GA",31000US12060,atlanta-sandy-springs-roswell-ga
389,7,Two Or More,2013,2013,52326,6999.999999999999,"Atlanta-Sandy Springs-Roswell, GA",31000US12060,atlanta-sandy-springs-roswell-ga
390,8,White Non-Hispanic,2013,2013,68595,1543.0,"Atlanta-Sandy Springs-Roswell, GA",31000US12060,atlanta-sandy-springs-roswell-ga
391,9,Hispanic,2013,2013,38919,1510.0,"Atlanta-Sandy Springs-Roswell, GA",31000US12060,atlanta-sandy-springs-roswell-ga
