ID Year,Year,ID Race,Race,Household Income by Race,Household Income by Race Moe,Geography,ID Geography
2019,"2019",0,"Total",170096,32241,"Census Tract 201, DeKalb County, GA","14000US13089020100"
2019,"2019",0,"Total",84867,7158,"Census Tract 202, DeKalb County, GA","14000US13089020200"
2019,"2019",0,"Total",147614,16020,"Census Tract 203, DeKalb County, GA","14000US13089020300"
2019,"2019",0,"Total",106103,17835,"Census Tract 204, DeKalb County, GA","14000US13089020400"
2019,"2019",0,"Total",65694,19701,"Census Tract 205, DeKalb County, GA","14000US13089020500"
2019,"2019",0,"Total",63313,16471,"Census Tract 206, DeKalb County, GA","14000US13089020600"
2019,"2019",0,"Total",95417,23915,"Census Tract 207, DeKalb County, GA","14000US13089020700"
2019,"2019",0,"Total",94662,8453,"Census Tract 208.01, DeKalb County, GA","14000US13089020801"
2019,"2019",0,"Total",73981,16256,"Census Tract 208.02, DeKalb County, GA","14000US13089020802"
2019,"2019",0,"Total",71618,15977,"Census Tract 209, DeKalb County, GA","14000US13089020900"
2019,"2019",0,"Total",110775,11426,"Census Tract 224.01, DeKalb County, GA","14000US13089022401"
2019,"2019",0,"Total",47712,11888,"Census Tract 237, DeKalb County, GA","14000US13089023700"
2019,"2019",0,"Total",168396,18644,"Census Tract 1, Fulton County, GA","14000US13121000100"
2019,"2019",0,"Total",158011,37856,"Census Tract 2, Fulton County, GA","14000US13121000200"
2019,"2019",0,"Total",97257,30528,"Census Tract 4, Fulton County, GA","14000US13121000400"
2019,"2019",0,"Total",90140,13217,"Census Tract 5, Fulton County, GA","14000US13121000500"
2019,"2019",0,"Total",53686,9322,"Census Tract 6, Fulton County, GA","14000US13121000600"
2019,"2019",0,"Total",84107,33365,"Census Tract 7, Fulton County, GA","14000US13121000700"
2019,"2019",0,"Total",103846,10554,"Census Tract 10.01, Fulton County, GA","14000US13121001001"
2019,"2019",0,"Total",31042,9051,"Census Tract 10.02, Fulton County, GA","14000US13121001002"
2019,"2019",0,"Total",109426,7959.000000000001,"Census Tract 11, Fulton County, GA","14000US13121001100"
2019,"2019",0,"Total",80476,16521,"Census Tract 12.01, Fulton County, GA","14000US13121001201"
2019,"2019",0,"Total",93143,10792,"Census Tract 12.02, Fulton County, GA","14000US13121001202"
2019,"2019",0,"Total",76188,11395,"Census Tract 13, Fulton County, GA","14000US13121001300"
2019,"2019",0,"Total",84167,8586,"Census Tract 14, Fulton County, GA","14000US13121001400"
2019,"2019",0,"Total",66490,6927,"Census Tract 15, Fulton County, GA","14000US13121001500"
2019,"2019",0,"Total",78182,25052,"Census Tract 16, Fulton County, GA","14000US13121001600"
2019,"2019",0,"Total",94750,19507,"Census Tract 17, Fulton County, GA","14000US13121001700"
2019,"2019",0,"Total",49486,5036,"Census Tract 18, Fulton County, GA","14000US13121001800"
2019,"2019",0,"Total",62656,21061,"Census Tract 19, Fulton County, GA","14000US13121001900"
2019,"2019",0,"Total",68618,25309,"Census Tract 21, Fulton County, GA","14000US13121002100"
2019,"2019",0,"Total",26683,7261,"Census Tract 23, Fulton County, GA","14000US13121002300"
2019,"2019",0,"Total",28056,9167,"Census Tract 24, Fulton County, GA","14000US13121002400"
2019,"2019",0,"Total",30283,6291,"Census Tract 25, Fulton County, GA","14000US13121002500"
2019,"2019",0,"Total",33611,7929,"Census Tract 26, Fulton County, GA","14000US13121002600"
2019,"2019",0,"Total",33165,13713,"Census Tract 28, Fulton County, GA","14000US13121002800"
2019,"2019",0,"Total",71210,13097,"Census Tract 29, Fulton County, GA","14000US13121002900"
2019,"2019",0,"Total",113125,15951,"Census Tract 30, Fulton County, GA","14000US13121003000"
2019,"2019",0,"Total",62250,21179,"Census Tract 31, Fulton County, GA","14000US13121003100"
2019,"2019",0,"Total",111830,10292,"Census Tract 32, Fulton County, GA","14000US13121003200"
2019,"2019",0,"Total",53889,14004.000000000002,"Census Tract 35, Fulton County, GA","14000US13121003500"
2019,"2019",0,"Total",53152,9688,"Census Tract 36, Fulton County, GA","14000US13121003600"
2019,"2019",0,"Total",23684,22973,"Census Tract 37, Fulton County, GA","14000US13121003700"
2019,"2019",0,"Total",20625,2261,"Census Tract 38, Fulton County, GA","14000US13121003800"
2019,"2019",0,"Total",33000,7751,"Census Tract 39, Fulton County, GA","14000US13121003900"
2019,"2019",0,"Total",32417,3836,"Census Tract 40, Fulton County, GA","14000US13121004000"
2019,"2019",0,"Total",54208,14881,"Census Tract 41, Fulton County, GA","14000US13121004100"
2019,"2019",0,"Total",18913,7776,"Census Tract 42, Fulton County, GA","14000US13121004200"
2019,"2019",0,"Total",36750,19771,"Census Tract 43, Fulton County, GA","14000US13121004300"
2019,"2019",0,"Total",23587,5417,"Census Tract 44, Fulton County, GA","14000US13121004400"
2019,"2019",0,"Total",19612,4574,"Census Tract 48, Fulton County, GA","14000US13121004800"
2019,"2019",0,"Total",84655,25401,"Census Tract 49, Fulton County, GA","14000US13121004900"
2019,"2019",0,"Total",75570,8334,"Census Tract 50, Fulton County, GA","14000US13121005000"
2019,"2019",0,"Total",111759,26398,"Census Tract 52, Fulton County, GA","14000US13121005200"
2019,"2019",0,"Total",102303,15988.000000000002,"Census Tract 53, Fulton County, GA","14000US13121005300"
2019,"2019",0,"Total",37647,10422,"Census Tract 55.01, Fulton County, GA","14000US13121005501"
2019,"2019",0,"Total",21804,7465.999999999999,"Census Tract 55.02, Fulton County, GA","14000US13121005502"
2019,"2019",0,"Total",25170,9232,"Census Tract 57, Fulton County, GA","14000US13121005700"
2019,"2019",0,"Total",42679,16189,"Census Tract 58, Fulton County, GA","14000US13121005800"
2019,"2019",0,"Total",38708,6010,"Census Tract 60, Fulton County, GA","14000US13121006000"
2019,"2019",0,"Total",29323,7824.999999999999,"Census Tract 61, Fulton County, GA","14000US13121006100"
2019,"2019",0,"Total",37500,9862,"Census Tract 62, Fulton County, GA","14000US13121006200"
2019,"2019",0,"Total",31483,5419,"Census Tract 63, Fulton County, GA","14000US13121006300"
2019,"2019",0,"Total",30395,12631,"Census Tract 64, Fulton County, GA","14000US13121006400"
2019,"2019",0,"Total",50163,18386,"Census Tract 65, Fulton County, GA","14000US13121006500"
2019,"2019",0,"Total",44250,13380,"Census Tract 66.01, Fulton County, GA","14000US13121006601"
2019,"2019",0,"Total",25375,9725,"Census Tract 66.02, Fulton County, GA","14000US13121006602"
2019,"2019",0,"Total",25651,3355,"Census Tract 67, Fulton County, GA","14000US13121006700"
2019,"2019",0,"Total",14375,3462,"Census Tract 68.02, Fulton County, GA","14000US13121006802"
2019,"2019",0,"Total",73429,16925,"Census Tract 69, Fulton County, GA","14000US13121006900"
2019,"2019",0,"Total",29528,7083,"Census Tract 70.01, Fulton County, GA","14000US13121007001"
2019,"2019",0,"Total",45451,11842,"Census Tract 70.02, Fulton County, GA","14000US13121007002"
2019,"2019",0,"Total",25489,7196.999999999999,"Census Tract 71, Fulton County, GA","14000US13121007100"
2019,"2019",0,"Total",27083,11520,"Census Tract 72, Fulton County, GA","14000US13121007200"
2019,"2019",0,"Total",32044,5150,"Census Tract 73, Fulton County, GA","14000US13121007300"
2019,"2019",0,"Total",19740,4441,"Census Tract 74, Fulton County, GA","14000US13121007400"
2019,"2019",0,"Total",26205,6037,"Census Tract 75, Fulton County, GA","14000US13121007500"
2019,"2019",0,"Total",32500,5264,"Census Tract 76.02, Fulton County, GA","14000US13121007602"
2019,"2019",0,"Total",13456,1859.0000000000002,"Census Tract 76.03, Fulton County, GA","14000US13121007603"
2019,"2019",0,"Total",21863,3775,"Census Tract 76.04, Fulton County, GA","14000US13121007604"
2019,"2019",0,"Total",44452,8403,"Census Tract 77.03, Fulton County, GA","14000US13121007703"
2019,"2019",0,"Total",35814,3688.0000000000005,"Census Tract 77.04, Fulton County, GA","14000US13121007704"
2019,"2019",0,"Total",25906,3376,"Census Tract 77.05, Fulton County, GA","14000US13121007705"
2019,"2019",0,"Total",45101,11629,"Census Tract 77.06, Fulton County, GA","14000US13121007706"
2019,"2019",0,"Total",51388,7637,"Census Tract 78.02, Fulton County, GA","14000US13121007802"
2019,"2019",0,"Total",31174,5355,"Census Tract 78.05, Fulton County, GA","14000US13121007805"
2019,"2019",0,"Total",41529,9476,"Census Tract 78.06, Fulton County, GA","14000US13121007806"
2019,"2019",0,"Total",24398,13106,"Census Tract 78.07, Fulton County, GA","14000US13121007807"
2019,"2019",0,"Total",12485,1531,"Census Tract 78.08, Fulton County, GA","14000US13121007808"
2019,"2019",0,"Total",61125,9654,"Census Tract 79, Fulton County, GA","14000US13121007900"
2019,"2019",0,"Total",43854,7378,"Census Tract 80, Fulton County, GA","14000US13121008000"
2019,"2019",0,"Total",44878,8374,"Census Tract 81.01, Fulton County, GA","14000US13121008101"
2019,"2019",0,"Total",27119,6010,"Census Tract 81.02, Fulton County, GA","14000US13121008102"
2019,"2019",0,"Total",38080,6372,"Census Tract 82.01, Fulton County, GA","14000US13121008201"
2019,"2019",0,"Total",27093,4754,"Census Tract 82.02, Fulton County, GA","14000US13121008202"
2019,"2019",0,"Total",25060,8358,"Census Tract 83.01, Fulton County, GA","14000US13121008301"
2019,"2019",0,"Total",28318,5166,"Census Tract 83.02, Fulton County, GA","14000US13121008302"
2019,"2019",0,"Total",24183,4702,"Census Tract 84, Fulton County, GA","14000US13121008400"
2019,"2019",0,"Total",24890,5200,"Census Tract 85, Fulton County, GA","14000US13121008500"
2019,"2019",0,"Total",22696,3511.0000000000005,"Census Tract 86.01, Fulton County, GA","14000US13121008601"
2019,"2019",0,"Total",37708,2806,"Census Tract 86.02, Fulton County, GA","14000US13121008602"
2019,"2019",0,"Total",33732,5735,"Census Tract 87, Fulton County, GA","14000US13121008700"
2019,"2019",0,"Total",103385,16611,"Census Tract 88, Fulton County, GA","14000US13121008800"
2019,"2019",0,"Total",72432,9763,"Census Tract 89.02, Fulton County, GA","14000US13121008902"
2019,"2019",0,"Total",75978,2837,"Census Tract 89.03, Fulton County, GA","14000US13121008903"
2019,"2019",0,"Total",85517,12012,"Census Tract 89.04, Fulton County, GA","14000US13121008904"
2019,"2019",0,"Total",111146,18513,"Census Tract 90, Fulton County, GA","14000US13121009000"
2019,"2019",0,"Total",79489,4861,"Census Tract 91.01, Fulton County, GA","14000US13121009101"
2019,"2019",0,"Total",59444,35224,"Census Tract 91.02, Fulton County, GA","14000US13121009102"
2019,"2019",0,"Total",71482,7243,"Census Tract 92, Fulton County, GA","14000US13121009200"
2019,"2019",0,"Total",106128,30461.000000000004,"Census Tract 93, Fulton County, GA","14000US13121009300"
2019,"2019",0,"Total",75088,9360,"Census Tract 94.02, Fulton County, GA","14000US13121009402"
2019,"2019",0,"Total",63269,11972,"Census Tract 94.03, Fulton County, GA","14000US13121009403"
2019,"2019",0,"Total",81004,27370.000000000004,"Census Tract 94.04, Fulton County, GA","14000US13121009404"
2019,"2019",0,"Total",185521,44731,"Census Tract 95.01, Fulton County, GA","14000US13121009501"
2019,"2019",0,"Total",86053,24545,"Census Tract 95.02, Fulton County, GA","14000US13121009502"
2019,"2019",0,"Total",107386,16146,"Census Tract 96.01, Fulton County, GA","14000US13121009601"
2019,"2019",0,"Total",102778,16294,"Census Tract 96.02, Fulton County, GA","14000US13121009602"
2019,"2019",0,"Total",83243,15103,"Census Tract 96.03, Fulton County, GA","14000US13121009603"
2019,"2019",0,"Total",208750,66170,"Census Tract 97, Fulton County, GA","14000US13121009700"
2019,"2019",0,"Total",125375,57273,"Census Tract 98.01, Fulton County, GA","14000US13121009801"
2019,"2019",0,"Total",165583,50208,"Census Tract 98.02, Fulton County, GA","14000US13121009802"
2019,"2019",0,"Total",152500,26329,"Census Tract 99, Fulton County, GA","14000US13121009900"
2019,"2019",0,"Total",108197,33166,"Census Tract 100.01, Fulton County, GA","14000US13121010001"
2019,"2019",0,"Total",146182,34313,"Census Tract 100.02, Fulton County, GA","14000US13121010002"
2019,"2019",0,"Total",72450,8547,"Census Tract 101.14, Fulton County, GA","14000US13121010114"
2019,"2019",0,"Total",192375,49707,"Census Tract 102.06, Fulton County, GA","14000US13121010206"
2019,"2019",0,"Total",142750,22560,"Census Tract 102.11, Fulton County, GA","14000US13121010211"
2019,"2019",0,"Total",71457,7532,"Census Tract 103.03, Fulton County, GA","14000US13121010303"
2019,"2019",0,"Total",44881,5604,"Census Tract 108, Fulton County, GA","14000US13121010800"
2019,"2019",0,"Total",30972,14528.999999999998,"Census Tract 118, Fulton County, GA","14000US13121011800"
2019,"2019",0,"Total",25699,8747,"Census Tract 119, Fulton County, GA","14000US13121011900"
2019,"2019",0,"Total",27188,8303,"Census Tract 120, Fulton County, GA","14000US13121012000"
2018,"2018",0,"Total",184875,41471,"Census Tract 201, DeKalb County, GA","14000US13089020100"
2018,"2018",0,"Total",84844,7336.000000000001,"Census Tract 202, DeKalb County, GA","14000US13089020200"
2018,"2018",0,"Total",127019,24863,"Census Tract 203, DeKalb County, GA","14000US13089020300"
2018,"2018",0,"Total",82882,20651,"Census Tract 204, DeKalb County, GA","14000US13089020400"
2018,"2018",0,"Total",50260,6430,"Census Tract 205, DeKalb County, GA","14000US13089020500"
2018,"2018",0,"Total",55735,25849,"Census Tract 206, DeKalb County, GA","14000US13089020600"
2018,"2018",0,"Total",59375,15724.999999999998,"Census Tract 207, DeKalb County, GA","14000US13089020700"
2018,"2018",0,"Total",91716,10024,"Census Tract 208.01, DeKalb County, GA","14000US13089020801"
2018,"2018",0,"Total",63315,14483.000000000002,"Census Tract 208.02, DeKalb County, GA","14000US13089020802"
2018,"2018",0,"Total",68445,8252,"Census Tract 209, DeKalb County, GA","14000US13089020900"
2018,"2018",0,"Total",106583,13914.000000000002,"Census Tract 224.01, DeKalb County, GA","14000US13089022401"
2018,"2018",0,"Total",47068,3437,"Census Tract 237, DeKalb County, GA","14000US13089023700"
2018,"2018",0,"Total",154911,16762,"Census Tract 1, Fulton County, GA","14000US13121000100"
2018,"2018",0,"Total",128171,42295,"Census Tract 2, Fulton County, GA","14000US13121000200"
2018,"2018",0,"Total",88971,17833,"Census Tract 4, Fulton County, GA","14000US13121000400"
2018,"2018",0,"Total",91765,23987,"Census Tract 5, Fulton County, GA","14000US13121000500"
2018,"2018",0,"Total",53728,7109,"Census Tract 6, Fulton County, GA","14000US13121000600"
2018,"2018",0,"Total",74891,19285,"Census Tract 7, Fulton County, GA","14000US13121000700"
2018,"2018",0,"Total",95900,12245,"Census Tract 10.01, Fulton County, GA","14000US13121001001"
2018,"2018",0,"Total",31389,9014,"Census Tract 10.02, Fulton County, GA","14000US13121001002"
2018,"2018",0,"Total",106791,4986,"Census Tract 11, Fulton County, GA","14000US13121001100"
2018,"2018",0,"Total",60074,13515,"Census Tract 12.01, Fulton County, GA","14000US13121001201"
2018,"2018",0,"Total",82188,14650,"Census Tract 12.02, Fulton County, GA","14000US13121001202"
2018,"2018",0,"Total",76322,9399,"Census Tract 13, Fulton County, GA","14000US13121001300"
2018,"2018",0,"Total",80168,5513,"Census Tract 14, Fulton County, GA","14000US13121001400"
2018,"2018",0,"Total",70404,12350,"Census Tract 15, Fulton County, GA","14000US13121001500"
2018,"2018",0,"Total",74200,15858,"Census Tract 16, Fulton County, GA","14000US13121001600"
2018,"2018",0,"Total",73558,11596,"Census Tract 17, Fulton County, GA","14000US13121001700"
2018,"2018",0,"Total",42107,9719,"Census Tract 18, Fulton County, GA","14000US13121001800"
2018,"2018",0,"Total",59375,17788,"Census Tract 19, Fulton County, GA","14000US13121001900"
2018,"2018",0,"Total",47917,13274,"Census Tract 21, Fulton County, GA","14000US13121002100"
2018,"2018",0,"Total",26705,6597,"Census Tract 23, Fulton County, GA","14000US13121002300"
2018,"2018",0,"Total",27453,7585,"Census Tract 24, Fulton County, GA","14000US13121002400"
2018,"2018",0,"Total",28667,6383,"Census Tract 25, Fulton County, GA","14000US13121002500"
2018,"2018",0,"Total",32763,9048,"Census Tract 26, Fulton County, GA","14000US13121002600"
2018,"2018",0,"Total",28429,7702,"Census Tract 28, Fulton County, GA","14000US13121002800"
2018,"2018",0,"Total",66687,5928,"Census Tract 29, Fulton County, GA","14000US13121002900"
2018,"2018",0,"Total",105950,5667,"Census Tract 30, Fulton County, GA","14000US13121003000"
2018,"2018",0,"Total",50526,15637,"Census Tract 31, Fulton County, GA","14000US13121003100"
2018,"2018",0,"Total",99609,17042,"Census Tract 32, Fulton County, GA","14000US13121003200"
2018,"2018",0,"Total",57083,17475,"Census Tract 35, Fulton County, GA","14000US13121003500"
2018,"2018",0,"Total",43906,16727,"Census Tract 36, Fulton County, GA","14000US13121003600"
2018,"2018",0,"Total",16830,14112,"Census Tract 37, Fulton County, GA","14000US13121003700"
2018,"2018",0,"Total",21181,8703,"Census Tract 38, Fulton County, GA","14000US13121003800"
2018,"2018",0,"Total",30294,8469,"Census Tract 39, Fulton County, GA","14000US13121003900"
2018,"2018",0,"Total",31011,4416,"Census Tract 40, Fulton County, GA","14000US13121004000"
2018,"2018",0,"Total",47159,13742,"Census Tract 41, Fulton County, GA","14000US13121004100"
2018,"2018",0,"Total",16162,3914,"Census Tract 42, Fulton County, GA","14000US13121004200"
2018,"2018",0,"Total",35483,10525,"Census Tract 43, Fulton County, GA","14000US13121004300"
2018,"2018",0,"Total",20146,8711,"Census Tract 44, Fulton County, GA","14000US13121004400"
2018,"2018",0,"Total",22316,6717,"Census Tract 48, Fulton County, GA","14000US13121004800"
2018,"2018",0,"Total",83456,15094,"Census Tract 49, Fulton County, GA","14000US13121004900"
2018,"2018",0,"Total",85250,15196.000000000002,"Census Tract 50, Fulton County, GA","14000US13121005000"
2018,"2018",0,"Total",96866,14495,"Census Tract 52, Fulton County, GA","14000US13121005200"
2018,"2018",0,"Total",104750,14786,"Census Tract 53, Fulton County, GA","14000US13121005300"
2018,"2018",0,"Total",31000,12288,"Census Tract 55.01, Fulton County, GA","14000US13121005501"
2018,"2018",0,"Total",24489,9855,"Census Tract 55.02, Fulton County, GA","14000US13121005502"
2018,"2018",0,"Total",20980,3321,"Census Tract 57, Fulton County, GA","14000US13121005700"
2018,"2018",0,"Total",31288,7004.999999999999,"Census Tract 58, Fulton County, GA","14000US13121005800"
2018,"2018",0,"Total",41504,8509,"Census Tract 60, Fulton County, GA","14000US13121006000"
2018,"2018",0,"Total",27849,8044.000000000001,"Census Tract 61, Fulton County, GA","14000US13121006100"
2018,"2018",0,"Total",40000,10515,"Census Tract 62, Fulton County, GA","14000US13121006200"
2018,"2018",0,"Total",25676,5017,"Census Tract 63, Fulton County, GA","14000US13121006300"
2018,"2018",0,"Total",26958,2806,"Census Tract 64, Fulton County, GA","14000US13121006400"
2018,"2018",0,"Total",44954,11001,"Census Tract 65, Fulton County, GA","14000US13121006500"
2018,"2018",0,"Total",35197,11795,"Census Tract 66.01, Fulton County, GA","14000US13121006601"
2018,"2018",0,"Total",18534,4611,"Census Tract 66.02, Fulton County, GA","14000US13121006602"
2018,"2018",0,"Total",25449,4537,"Census Tract 67, Fulton County, GA","14000US13121006700"
2018,"2018",0,"Total",11736,4944,"Census Tract 68.02, Fulton County, GA","14000US13121006802"
2018,"2018",0,"Total",59922,22431,"Census Tract 69, Fulton County, GA","14000US13121006900"
2018,"2018",0,"Total",29295,5296,"Census Tract 70.01, Fulton County, GA","14000US13121007001"
2018,"2018",0,"Total",37577,10990,"Census Tract 70.02, Fulton County, GA","14000US13121007002"
2018,"2018",0,"Total",22452,7353.999999999999,"Census Tract 71, Fulton County, GA","14000US13121007100"
2018,"2018",0,"Total",29808,9161,"Census Tract 72, Fulton County, GA","14000US13121007200"
2018,"2018",0,"Total",26369,7358,"Census Tract 73, Fulton County, GA","14000US13121007300"
2018,"2018",0,"Total",19552,4521,"Census Tract 74, Fulton County, GA","14000US13121007400"
2018,"2018",0,"Total",26604,4667,"Census Tract 75, Fulton County, GA","14000US13121007500"
2018,"2018",0,"Total",32667,4252,"Census Tract 76.02, Fulton County, GA","14000US13121007602"
2018,"2018",0,"Total",13982,1721.9999999999998,"Census Tract 76.03, Fulton County, GA","14000US13121007603"
2018,"2018",0,"Total",20851,3947,"Census Tract 76.04, Fulton County, GA","14000US13121007604"
2018,"2018",0,"Total",43381,5093,"Census Tract 77.03, Fulton County, GA","14000US13121007703"
2018,"2018",0,"Total",33683,1905.0000000000002,"Census Tract 77.04, Fulton County, GA","14000US13121007704"
2018,"2018",0,"Total",25357,3372,"Census Tract 77.05, Fulton County, GA","14000US13121007705"
2018,"2018",0,"Total",37473,9511,"Census Tract 77.06, Fulton County, GA","14000US13121007706"
2018,"2018",0,"Total",49861,8092,"Census Tract 78.02, Fulton County, GA","14000US13121007802"
2018,"2018",0,"Total",33054,3980,"Census Tract 78.05, Fulton County, GA","14000US13121007805"
2018,"2018",0,"Total",38232,10013,"Census Tract 78.06, Fulton County, GA","14000US13121007806"
2018,"2018",0,"Total",20792,8605,"Census Tract 78.07, Fulton County, GA","14000US13121007807"
2018,"2018",0,"Total",13263,1792.9999999999998,"Census Tract 78.08, Fulton County, GA","14000US13121007808"
2018,"2018",0,"Total",59181,8888,"Census Tract 79, Fulton County, GA","14000US13121007900"
2018,"2018",0,"Total",41217,8233,"Census Tract 80, Fulton County, GA","14000US13121008000"
2018,"2018",0,"Total",41597,10215,"Census Tract 81.01, Fulton County, GA","14000US13121008101"
2018,"2018",0,"Total",25573,3597.0000000000005,"Census Tract 81.02, Fulton County, GA","14000US13121008102"
2018,"2018",0,"Total",37801,12709,"Census Tract 82.01, Fulton County, GA","14000US13121008201"
2018,"2018",0,"Total",28032,2731,"Census Tract 82.02, Fulton County, GA","14000US13121008202"
2018,"2018",0,"Total",24053,6108,"Census Tract 83.01, Fulton County, GA","14000US13121008301"
2018,"2018",0,"Total",29185,3716,"Census Tract 83.02, Fulton County, GA","14000US13121008302"
2018,"2018",0,"Total",21422,4970,"Census Tract 84, Fulton County, GA","14000US13121008400"
2018,"2018",0,"Total",24072,5881,"Census Tract 85, Fulton County, GA","14000US13121008500"
2018,"2018",0,"Total",21288,2829,"Census Tract 86.01, Fulton County, GA","14000US13121008601"
2018,"2018",0,"Total",35262,3077,"Census Tract 86.02, Fulton County, GA","14000US13121008602"
2018,"2018",0,"Total",33339,4075,"Census Tract 87, Fulton County, GA","14000US13121008700"
2018,"2018",0,"Total",105625,8775,"Census Tract 88, Fulton County, GA","14000US13121008800"
2018,"2018",0,"Total",64383,9496,"Census Tract 89.02, Fulton County, GA","14000US13121008902"
2018,"2018",0,"Total",75115,8449,"Census Tract 89.03, Fulton County, GA","14000US13121008903"
2018,"2018",0,"Total",85625,14164.000000000002,"Census Tract 89.04, Fulton County, GA","14000US13121008904"
2018,"2018",0,"Total",109388,12972,"Census Tract 90, Fulton County, GA","14000US13121009000"
2018,"2018",0,"Total",76713,7295,"Census Tract 91.01, Fulton County, GA","14000US13121009101"
2018,"2018",0,"Total",80433,38647,"Census Tract 91.02, Fulton County, GA","14000US13121009102"
2018,"2018",0,"Total",70197,4164,"Census Tract 92, Fulton County, GA","14000US13121009200"
2018,"2018",0,"Total",110257,30089,"Census Tract 93, Fulton County, GA","14000US13121009300"
2018,"2018",0,"Total",71285,9276,"Census Tract 94.02, Fulton County, GA","14000US13121009402"
2018,"2018",0,"Total",54537,15084,"Census Tract 94.03, Fulton County, GA","14000US13121009403"
2018,"2018",0,"Total",74761,18737,"Census Tract 94.04, Fulton County, GA","14000US13121009404"
2018,"2018",0,"Total",144712,52956,"Census Tract 95.01, Fulton County, GA","14000US13121009501"
2018,"2018",0,"Total",83143,28657.000000000004,"Census Tract 95.02, Fulton County, GA","14000US13121009502"
2018,"2018",0,"Total",104519,5771,"Census Tract 96.01, Fulton County, GA","14000US13121009601"
2018,"2018",0,"Total",91452,18993,"Census Tract 96.02, Fulton County, GA","14000US13121009602"
2018,"2018",0,"Total",82452,11087,"Census Tract 96.03, Fulton County, GA","14000US13121009603"
2018,"2018",0,"Total",210667,43358,"Census Tract 97, Fulton County, GA","14000US13121009700"
2018,"2018",0,"Total",130313,48679,"Census Tract 98.01, Fulton County, GA","14000US13121009801"
2018,"2018",0,"Total",152885,30029,"Census Tract 98.02, Fulton County, GA","14000US13121009802"
2018,"2018",0,"Total",138654,28791,"Census Tract 99, Fulton County, GA","14000US13121009900"
2018,"2018",0,"Total",102917,34523,"Census Tract 100.01, Fulton County, GA","14000US13121010001"
2018,"2018",0,"Total",143516,32968,"Census Tract 100.02, Fulton County, GA","14000US13121010002"
2018,"2018",0,"Total",68698,8089.000000000001,"Census Tract 101.14, Fulton County, GA","14000US13121010114"
2018,"2018",0,"Total",188000,39201,"Census Tract 102.06, Fulton County, GA","14000US13121010206"
2018,"2018",0,"Total",150801,40793,"Census Tract 102.11, Fulton County, GA","14000US13121010211"
2018,"2018",0,"Total",68540,5638,"Census Tract 103.03, Fulton County, GA","14000US13121010303"
2018,"2018",0,"Total",46875,7575.999999999999,"Census Tract 108, Fulton County, GA","14000US13121010800"
2018,"2018",0,"Total",21134,8744,"Census Tract 118, Fulton County, GA","14000US13121011800"
2018,"2018",0,"Total",29375,8744,"Census Tract 119, Fulton County, GA","14000US13121011900"
2018,"2018",0,"Total",23711,8825,"Census Tract 120, Fulton County, GA","14000US13121012000"
2017,"2017",0,"Total",174526,45684,"Census Tract 201, DeKalb County, GA","14000US13089020100"
2017,"2017",0,"Total",87889,8562,"Census Tract 202, DeKalb County, GA","14000US13089020200"
2017,"2017",0,"Total",113088,24219,"Census Tract 203, DeKalb County, GA","14000US13089020300"
2017,"2017",0,"Total",78681,8462,"Census Tract 204, DeKalb County, GA","14000US13089020400"
2017,"2017",0,"Total",55208,9164,"Census Tract 205, DeKalb County, GA","14000US13089020500"
2017,"2017",0,"Total",43295,18592,"Census Tract 206, DeKalb County, GA","14000US13089020600"
2017,"2017",0,"Total",53833,7166.999999999999,"Census Tract 207, DeKalb County, GA","14000US13089020700"
2017,"2017",0,"Total",92594,13638,"Census Tract 208.01, DeKalb County, GA","14000US13089020801"
2017,"2017",0,"Total",57204,14755,"Census Tract 208.02, DeKalb County, GA","14000US13089020802"
2017,"2017",0,"Total",66536,6820.000000000001,"Census Tract 209, DeKalb County, GA","14000US13089020900"
2017,"2017",0,"Total",86366,30029,"Census Tract 224.01, DeKalb County, GA","14000US13089022401"
2017,"2017",0,"Total",45077,5179,"Census Tract 237, DeKalb County, GA","14000US13089023700"
2017,"2017",0,"Total",149450,23192,"Census Tract 1, Fulton County, GA","14000US13121000100"
2017,"2017",0,"Total",116094,18910,"Census Tract 2, Fulton County, GA","14000US13121000200"
2017,"2017",0,"Total",91857,21546,"Census Tract 4, Fulton County, GA","14000US13121000400"
2017,"2017",0,"Total",85750,23402,"Census Tract 5, Fulton County, GA","14000US13121000500"
2017,"2017",0,"Total",50969,8609,"Census Tract 6, Fulton County, GA","14000US13121000600"
2017,"2017",0,"Total",71214,10372,"Census Tract 7, Fulton County, GA","14000US13121000700"
2017,"2017",0,"Total",80132,14864,"Census Tract 10.01, Fulton County, GA","14000US13121001001"
2017,"2017",0,"Total",27250,12191,"Census Tract 10.02, Fulton County, GA","14000US13121001002"
2017,"2017",0,"Total",99205,14727.999999999998,"Census Tract 11, Fulton County, GA","14000US13121001100"
2017,"2017",0,"Total",58603,11556,"Census Tract 12.01, Fulton County, GA","14000US13121001201"
2017,"2017",0,"Total",83063,12660,"Census Tract 12.02, Fulton County, GA","14000US13121001202"
2017,"2017",0,"Total",66223,10445,"Census Tract 13, Fulton County, GA","14000US13121001300"
2017,"2017",0,"Total",86333,15932,"Census Tract 14, Fulton County, GA","14000US13121001400"
2017,"2017",0,"Total",63464,3746,"Census Tract 15, Fulton County, GA","14000US13121001500"
2017,"2017",0,"Total",66806,12629,"Census Tract 16, Fulton County, GA","14000US13121001600"
2017,"2017",0,"Total",60069,11517,"Census Tract 17, Fulton County, GA","14000US13121001700"
2017,"2017",0,"Total",42159,9769,"Census Tract 18, Fulton County, GA","14000US13121001800"
2017,"2017",0,"Total",62222,22040,"Census Tract 19, Fulton County, GA","14000US13121001900"
2017,"2017",0,"Total",51250,13176,"Census Tract 21, Fulton County, GA","14000US13121002100"
2017,"2017",0,"Total",27674,4690,"Census Tract 23, Fulton County, GA","14000US13121002300"
2017,"2017",0,"Total",30972,9386,"Census Tract 24, Fulton County, GA","14000US13121002400"
2017,"2017",0,"Total",26066,4347,"Census Tract 25, Fulton County, GA","14000US13121002500"
2017,"2017",0,"Total",26350,8011.999999999999,"Census Tract 26, Fulton County, GA","14000US13121002600"
2017,"2017",0,"Total",26059,4837,"Census Tract 28, Fulton County, GA","14000US13121002800"
2017,"2017",0,"Total",63112,7164.000000000001,"Census Tract 29, Fulton County, GA","14000US13121002900"
2017,"2017",0,"Total",94079,7760.000000000001,"Census Tract 30, Fulton County, GA","14000US13121003000"
2017,"2017",0,"Total",46467,9221,"Census Tract 31, Fulton County, GA","14000US13121003100"
2017,"2017",0,"Total",84350,23612,"Census Tract 32, Fulton County, GA","14000US13121003200"
2017,"2017",0,"Total",55585,7677.999999999999,"Census Tract 35, Fulton County, GA","14000US13121003500"
2017,"2017",0,"Total",41372,8278,"Census Tract 36, Fulton County, GA","14000US13121003600"
2017,"2017",0,"Total",22679,19717,"Census Tract 37, Fulton County, GA","14000US13121003700"
2017,"2017",0,"Total",22150,7659,"Census Tract 38, Fulton County, GA","14000US13121003800"
2017,"2017",0,"Total",36174,9048,"Census Tract 39, Fulton County, GA","14000US13121003900"
2017,"2017",0,"Total",28191,4437,"Census Tract 40, Fulton County, GA","14000US13121004000"
2017,"2017",0,"Total",38519,4625,"Census Tract 41, Fulton County, GA","14000US13121004100"
2017,"2017",0,"Total",18569,3634,"Census Tract 42, Fulton County, GA","14000US13121004200"
2017,"2017",0,"Total",28287,9796,"Census Tract 43, Fulton County, GA","14000US13121004300"
2017,"2017",0,"Total",18030,6762,"Census Tract 44, Fulton County, GA","14000US13121004400"
2017,"2017",0,"Total",16413,5700,"Census Tract 48, Fulton County, GA","14000US13121004800"
2017,"2017",0,"Total",77875,14632.999999999998,"Census Tract 49, Fulton County, GA","14000US13121004900"
2017,"2017",0,"Total",79250,8846,"Census Tract 50, Fulton County, GA","14000US13121005000"
2017,"2017",0,"Total",93580,12020,"Census Tract 52, Fulton County, GA","14000US13121005200"
2017,"2017",0,"Total",93456,13460,"Census Tract 53, Fulton County, GA","14000US13121005300"
2017,"2017",0,"Total",30469,8765,"Census Tract 55.01, Fulton County, GA","14000US13121005501"
2017,"2017",0,"Total",19469,8903,"Census Tract 55.02, Fulton County, GA","14000US13121005502"
2017,"2017",0,"Total",19698,3498,"Census Tract 57, Fulton County, GA","14000US13121005700"
2017,"2017",0,"Total",31625,10089,"Census Tract 58, Fulton County, GA","14000US13121005800"
2017,"2017",0,"Total",35549,4618,"Census Tract 60, Fulton County, GA","14000US13121006000"
2017,"2017",0,"Total",29276,8313,"Census Tract 61, Fulton County, GA","14000US13121006100"
2017,"2017",0,"Total",27115,10773,"Census Tract 62, Fulton County, GA","14000US13121006200"
2017,"2017",0,"Total",24893,5604,"Census Tract 63, Fulton County, GA","14000US13121006300"
2017,"2017",0,"Total",43690,10861,"Census Tract 64, Fulton County, GA","14000US13121006400"
2017,"2017",0,"Total",39274,9849,"Census Tract 65, Fulton County, GA","14000US13121006500"
2017,"2017",0,"Total",36250,8102,"Census Tract 66.01, Fulton County, GA","14000US13121006601"
2017,"2017",0,"Total",20170,5108,"Census Tract 66.02, Fulton County, GA","14000US13121006602"
2017,"2017",0,"Total",23017,5770,"Census Tract 67, Fulton County, GA","14000US13121006700"
2017,"2017",0,"Total",9815,2874,"Census Tract 68.02, Fulton County, GA","14000US13121006802"
2017,"2017",0,"Total",71359,18131,"Census Tract 69, Fulton County, GA","14000US13121006900"
2017,"2017",0,"Total",26436,5818,"Census Tract 70.01, Fulton County, GA","14000US13121007001"
2017,"2017",0,"Total",34286,9371,"Census Tract 70.02, Fulton County, GA","14000US13121007002"
2017,"2017",0,"Total",22500,8521,"Census Tract 71, Fulton County, GA","14000US13121007100"
2017,"2017",0,"Total",24722,5430,"Census Tract 72, Fulton County, GA","14000US13121007200"
2017,"2017",0,"Total",24465,4464,"Census Tract 73, Fulton County, GA","14000US13121007300"
2017,"2017",0,"Total",17796,4288,"Census Tract 74, Fulton County, GA","14000US13121007400"
2017,"2017",0,"Total",23563,3393,"Census Tract 75, Fulton County, GA","14000US13121007500"
2017,"2017",0,"Total",34136,3732.9999999999995,"Census Tract 76.02, Fulton County, GA","14000US13121007602"
2017,"2017",0,"Total",13792,1942,"Census Tract 76.03, Fulton County, GA","14000US13121007603"
2017,"2017",0,"Total",18537,4810,"Census Tract 76.04, Fulton County, GA","14000US13121007604"
2017,"2017",0,"Total",42150,6165,"Census Tract 77.03, Fulton County, GA","14000US13121007703"
2017,"2017",0,"Total",30497,2170,"Census Tract 77.04, Fulton County, GA","14000US13121007704"
2017,"2017",0,"Total",22592,3433,"Census Tract 77.05, Fulton County, GA","14000US13121007705"
2017,"2017",0,"Total",36369,3470.0000000000005,"Census Tract 77.06, Fulton County, GA","14000US13121007706"
2017,"2017",0,"Total",44932,11739,"Census Tract 78.02, Fulton County, GA","14000US13121007802"
2017,"2017",0,"Total",33255,3207,"Census Tract 78.05, Fulton County, GA","14000US13121007805"
2017,"2017",0,"Total",31192,8361,"Census Tract 78.06, Fulton County, GA","14000US13121007806"
2017,"2017",0,"Total",21912,8138,"Census Tract 78.07, Fulton County, GA","14000US13121007807"
2017,"2017",0,"Total",12266,1861,"Census Tract 78.08, Fulton County, GA","14000US13121007808"
2017,"2017",0,"Total",54467,6192,"Census Tract 79, Fulton County, GA","14000US13121007900"
2017,"2017",0,"Total",41450,7479,"Census Tract 80, Fulton County, GA","14000US13121008000"
2017,"2017",0,"Total",31833,10559,"Census Tract 81.01, Fulton County, GA","14000US13121008101"
2017,"2017",0,"Total",24940,2764,"Census Tract 81.02, Fulton County, GA","14000US13121008102"
2017,"2017",0,"Total",31037,9019,"Census Tract 82.01, Fulton County, GA","14000US13121008201"
2017,"2017",0,"Total",27454,3290,"Census Tract 82.02, Fulton County, GA","14000US13121008202"
2017,"2017",0,"Total",27023,4767,"Census Tract 83.01, Fulton County, GA","14000US13121008301"
2017,"2017",0,"Total",28949,3393,"Census Tract 83.02, Fulton County, GA","14000US13121008302"
2017,"2017",0,"Total",21708,3818.9999999999995,"Census Tract 84, Fulton County, GA","14000US13121008400"
2017,"2017",0,"Total",28364,5855,"Census Tract 85, Fulton County, GA","14000US13121008500"
2017,"2017",0,"Total",21846,2503,"Census Tract 86.01, Fulton County, GA","14000US13121008601"
2017,"2017",0,"Total",36815,2935,"Census Tract 86.02, Fulton County, GA","14000US13121008602"
2017,"2017",0,"Total",29583,5613,"Census Tract 87, Fulton County, GA","14000US13121008700"
2017,"2017",0,"Total",95524,17032,"Census Tract 88, Fulton County, GA","14000US13121008800"
2017,"2017",0,"Total",57142,5928,"Census Tract 89.02, Fulton County, GA","14000US13121008902"
2017,"2017",0,"Total",71548,6214,"Census Tract 89.03, Fulton County, GA","14000US13121008903"
2017,"2017",0,"Total",78924,10052,"Census Tract 89.04, Fulton County, GA","14000US13121008904"
2017,"2017",0,"Total",105197,15947,"Census Tract 90, Fulton County, GA","14000US13121009000"
2017,"2017",0,"Total",76981,6670,"Census Tract 91.01, Fulton County, GA","14000US13121009101"
2017,"2017",0,"Total",54174,14988,"Census Tract 91.02, Fulton County, GA","14000US13121009102"
2017,"2017",0,"Total",65957,3938,"Census Tract 92, Fulton County, GA","14000US13121009200"
2017,"2017",0,"Total",100844,20079,"Census Tract 93, Fulton County, GA","14000US13121009300"
2017,"2017",0,"Total",69034,6438,"Census Tract 94.02, Fulton County, GA","14000US13121009402"
2017,"2017",0,"Total",45102,7166,"Census Tract 94.03, Fulton County, GA","14000US13121009403"
2017,"2017",0,"Total",73649,21972,"Census Tract 94.04, Fulton County, GA","14000US13121009404"
2017,"2017",0,"Total",149688,41764,"Census Tract 95.01, Fulton County, GA","14000US13121009501"
2017,"2017",0,"Total",89298,13100,"Census Tract 95.02, Fulton County, GA","14000US13121009502"
2017,"2017",0,"Total",94265,17055,"Census Tract 96.01, Fulton County, GA","14000US13121009601"
2017,"2017",0,"Total",101689,18908,"Census Tract 96.02, Fulton County, GA","14000US13121009602"
2017,"2017",0,"Total",75987,10789,"Census Tract 96.03, Fulton County, GA","14000US13121009603"
2017,"2017",0,"Total",200179,49875,"Census Tract 97, Fulton County, GA","14000US13121009700"
2017,"2017",0,"Total",105536,17508,"Census Tract 98.01, Fulton County, GA","14000US13121009801"
2017,"2017",0,"Total",158800,23540,"Census Tract 98.02, Fulton County, GA","14000US13121009802"
2017,"2017",0,"Total",124643,24726,"Census Tract 99, Fulton County, GA","14000US13121009900"
2017,"2017",0,"Total",103894,28218.000000000004,"Census Tract 100.01, Fulton County, GA","14000US13121010001"
2017,"2017",0,"Total",138864,27690.000000000004,"Census Tract 100.02, Fulton County, GA","14000US13121010002"
2017,"2017",0,"Total",66186,9945,"Census Tract 101.14, Fulton County, GA","14000US13121010114"
2017,"2017",0,"Total",177188,37356,"Census Tract 102.06, Fulton County, GA","14000US13121010206"
2017,"2017",0,"Total",138393,74558,"Census Tract 102.11, Fulton County, GA","14000US13121010211"
2017,"2017",0,"Total",63209,5468,"Census Tract 103.03, Fulton County, GA","14000US13121010303"
2017,"2017",0,"Total",44828,6584,"Census Tract 108, Fulton County, GA","14000US13121010800"
2017,"2017",0,"Total",16087,6874,"Census Tract 118, Fulton County, GA","14000US13121011800"
2017,"2017",0,"Total",26032,7415,"Census Tract 119, Fulton County, GA","14000US13121011900"
2017,"2017",0,"Total",28902,8926,"Census Tract 120, Fulton County, GA","14000US13121012000"
2016,"2016",0,"Total",162500,24680,"Census Tract 201, DeKalb County, GA","14000US13089020100"
2016,"2016",0,"Total",95809,20591,"Census Tract 202, DeKalb County, GA","14000US13089020200"
2016,"2016",0,"Total",101923,8147,"Census Tract 203, DeKalb County, GA","14000US13089020300"
2016,"2016",0,"Total",77000,11053,"Census Tract 204, DeKalb County, GA","14000US13089020400"
2016,"2016",0,"Total",44960,9561,"Census Tract 205, DeKalb County, GA","14000US13089020500"
2016,"2016",0,"Total",36908,8656,"Census Tract 206, DeKalb County, GA","14000US13089020600"
2016,"2016",0,"Total",51339,7530,"Census Tract 207, DeKalb County, GA","14000US13089020700"
2016,"2016",0,"Total",80625,25667,"Census Tract 208.01, DeKalb County, GA","14000US13089020801"
2016,"2016",0,"Total",57422,10140,"Census Tract 208.02, DeKalb County, GA","14000US13089020802"
2016,"2016",0,"Total",65008,9074,"Census Tract 209, DeKalb County, GA","14000US13089020900"
2016,"2016",0,"Total",78800,20647,"Census Tract 224.01, DeKalb County, GA","14000US13089022401"
2016,"2016",0,"Total",33678,8637,"Census Tract 237, DeKalb County, GA","14000US13089023700"
2016,"2016",0,"Total",138276,18575,"Census Tract 1, Fulton County, GA","14000US13121000100"
2016,"2016",0,"Total",106045,17937,"Census Tract 2, Fulton County, GA","14000US13121000200"
2016,"2016",0,"Total",92361,27837,"Census Tract 4, Fulton County, GA","14000US13121000400"
2016,"2016",0,"Total",92176,22945,"Census Tract 5, Fulton County, GA","14000US13121000500"
2016,"2016",0,"Total",44554,4492,"Census Tract 6, Fulton County, GA","14000US13121000600"
2016,"2016",0,"Total",69722,21579,"Census Tract 7, Fulton County, GA","14000US13121000700"
2016,"2016",0,"Total",75556,21087,"Census Tract 10.01, Fulton County, GA","14000US13121001001"
2016,"2016",0,"Total",25882,11353,"Census Tract 10.02, Fulton County, GA","14000US13121001002"
2016,"2016",0,"Total",88125,8336,"Census Tract 11, Fulton County, GA","14000US13121001100"
2016,"2016",0,"Total",55797,10494,"Census Tract 12.01, Fulton County, GA","14000US13121001201"
2016,"2016",0,"Total",75195,10126,"Census Tract 12.02, Fulton County, GA","14000US13121001202"
2016,"2016",0,"Total",59756,11996,"Census Tract 13, Fulton County, GA","14000US13121001300"
2016,"2016",0,"Total",77238,8753,"Census Tract 14, Fulton County, GA","14000US13121001400"
2016,"2016",0,"Total",60356,10036,"Census Tract 15, Fulton County, GA","14000US13121001500"
2016,"2016",0,"Total",64412,14161,"Census Tract 16, Fulton County, GA","14000US13121001600"
2016,"2016",0,"Total",54348,3771,"Census Tract 17, Fulton County, GA","14000US13121001700"
2016,"2016",0,"Total",32014,8275,"Census Tract 18, Fulton County, GA","14000US13121001800"
2016,"2016",0,"Total",58693,16230,"Census Tract 19, Fulton County, GA","14000US13121001900"
2016,"2016",0,"Total",38068,8898,"Census Tract 21, Fulton County, GA","14000US13121002100"
2016,"2016",0,"Total",26793,5123,"Census Tract 23, Fulton County, GA","14000US13121002300"
2016,"2016",0,"Total",30000,6983,"Census Tract 24, Fulton County, GA","14000US13121002400"
2016,"2016",0,"Total",23767,3001,"Census Tract 25, Fulton County, GA","14000US13121002500"
2016,"2016",0,"Total",23598,4475,"Census Tract 26, Fulton County, GA","14000US13121002600"
2016,"2016",0,"Total",21851,3584,"Census Tract 28, Fulton County, GA","14000US13121002800"
2016,"2016",0,"Total",60083,6260,"Census Tract 29, Fulton County, GA","14000US13121002900"
2016,"2016",0,"Total",89029,5296,"Census Tract 30, Fulton County, GA","14000US13121003000"
2016,"2016",0,"Total",43170,7876,"Census Tract 31, Fulton County, GA","14000US13121003100"
2016,"2016",0,"Total",70000,5152,"Census Tract 32, Fulton County, GA","14000US13121003200"
2016,"2016",0,"Total",53781,3695,"Census Tract 35, Fulton County, GA","14000US13121003500"
2016,"2016",0,"Total",38558,16224,"Census Tract 36, Fulton County, GA","14000US13121003600"
2016,"2016",0,"Total",23839,22548,"Census Tract 37, Fulton County, GA","14000US13121003700"
2016,"2016",0,"Total",22000,5585,"Census Tract 38, Fulton County, GA","14000US13121003800"
2016,"2016",0,"Total",29403,7215,"Census Tract 39, Fulton County, GA","14000US13121003900"
2016,"2016",0,"Total",27167,8795,"Census Tract 40, Fulton County, GA","14000US13121004000"
2016,"2016",0,"Total",30956,7009,"Census Tract 41, Fulton County, GA","14000US13121004100"
2016,"2016",0,"Total",17843,5631,"Census Tract 42, Fulton County, GA","14000US13121004200"
2016,"2016",0,"Total",28016,7136.999999999999,"Census Tract 43, Fulton County, GA","14000US13121004300"
2016,"2016",0,"Total",19754,4486,"Census Tract 44, Fulton County, GA","14000US13121004400"
2016,"2016",0,"Total",17500,7200,"Census Tract 48, Fulton County, GA","14000US13121004800"
2016,"2016",0,"Total",66786,18006,"Census Tract 49, Fulton County, GA","14000US13121004900"
2016,"2016",0,"Total",61607,8841,"Census Tract 50, Fulton County, GA","14000US13121005000"
2016,"2016",0,"Total",88591,15489,"Census Tract 52, Fulton County, GA","14000US13121005200"
2016,"2016",0,"Total",95259,13785.000000000002,"Census Tract 53, Fulton County, GA","14000US13121005300"
2016,"2016",0,"Total",20000,16956,"Census Tract 55.01, Fulton County, GA","14000US13121005501"
2016,"2016",0,"Total",16675,4709,"Census Tract 55.02, Fulton County, GA","14000US13121005502"
2016,"2016",0,"Total",17782,4426,"Census Tract 57, Fulton County, GA","14000US13121005700"
2016,"2016",0,"Total",30652,6631,"Census Tract 58, Fulton County, GA","14000US13121005800"
2016,"2016",0,"Total",31909,5207,"Census Tract 60, Fulton County, GA","14000US13121006000"
2016,"2016",0,"Total",30256,11596,"Census Tract 61, Fulton County, GA","14000US13121006100"
2016,"2016",0,"Total",24625,9463,"Census Tract 62, Fulton County, GA","14000US13121006200"
2016,"2016",0,"Total",24509,4015,"Census Tract 63, Fulton County, GA","14000US13121006300"
2016,"2016",0,"Total",44028,14820,"Census Tract 64, Fulton County, GA","14000US13121006400"
2016,"2016",0,"Total",40375,10133,"Census Tract 65, Fulton County, GA","14000US13121006500"
2016,"2016",0,"Total",29674,7440,"Census Tract 66.01, Fulton County, GA","14000US13121006601"
2016,"2016",0,"Total",17857,4791,"Census Tract 66.02, Fulton County, GA","14000US13121006602"
2016,"2016",0,"Total",20895,2286,"Census Tract 67, Fulton County, GA","14000US13121006700"
2016,"2016",0,"Total",6815,3421,"Census Tract 68.02, Fulton County, GA","14000US13121006802"
2016,"2016",0,"Total",51429,18264,"Census Tract 69, Fulton County, GA","14000US13121006900"
2016,"2016",0,"Total",19939,7201,"Census Tract 70.01, Fulton County, GA","14000US13121007001"
2016,"2016",0,"Total",33536,12186,"Census Tract 70.02, Fulton County, GA","14000US13121007002"
2016,"2016",0,"Total",20938,1872.0000000000002,"Census Tract 71, Fulton County, GA","14000US13121007100"
2016,"2016",0,"Total",24297,4966,"Census Tract 72, Fulton County, GA","14000US13121007200"
2016,"2016",0,"Total",22180,4342,"Census Tract 73, Fulton County, GA","14000US13121007300"
2016,"2016",0,"Total",17953,3267,"Census Tract 74, Fulton County, GA","14000US13121007400"
2016,"2016",0,"Total",20051,4981,"Census Tract 75, Fulton County, GA","14000US13121007500"
2016,"2016",0,"Total",31951,5790,"Census Tract 76.02, Fulton County, GA","14000US13121007602"
2016,"2016",0,"Total",13819,1911.9999999999998,"Census Tract 76.03, Fulton County, GA","14000US13121007603"
2016,"2016",0,"Total",15493,3407,"Census Tract 76.04, Fulton County, GA","14000US13121007604"
2016,"2016",0,"Total",40058,4781,"Census Tract 77.03, Fulton County, GA","14000US13121007703"
2016,"2016",0,"Total",31537,3544,"Census Tract 77.04, Fulton County, GA","14000US13121007704"
2016,"2016",0,"Total",20756,2427,"Census Tract 77.05, Fulton County, GA","14000US13121007705"
2016,"2016",0,"Total",39451,5821,"Census Tract 77.06, Fulton County, GA","14000US13121007706"
2016,"2016",0,"Total",46917,8194,"Census Tract 78.02, Fulton County, GA","14000US13121007802"
2016,"2016",0,"Total",29253,3279,"Census Tract 78.05, Fulton County, GA","14000US13121007805"
2016,"2016",0,"Total",27174,8155,"Census Tract 78.06, Fulton County, GA","14000US13121007806"
2016,"2016",0,"Total",18841,5328,"Census Tract 78.07, Fulton County, GA","14000US13121007807"
2016,"2016",0,"Total",11715,1863,"Census Tract 78.08, Fulton County, GA","14000US13121007808"
2016,"2016",0,"Total",56085,6785,"Census Tract 79, Fulton County, GA","14000US13121007900"
2016,"2016",0,"Total",40685,6851,"Census Tract 80, Fulton County, GA","14000US13121008000"
2016,"2016",0,"Total",28924,3901.0000000000005,"Census Tract 81.01, Fulton County, GA","14000US13121008101"
2016,"2016",0,"Total",22673,3340,"Census Tract 81.02, Fulton County, GA","14000US13121008102"
2016,"2016",0,"Total",28745,1619,"Census Tract 82.01, Fulton County, GA","14000US13121008201"
2016,"2016",0,"Total",28355,4424,"Census Tract 82.02, Fulton County, GA","14000US13121008202"
2016,"2016",0,"Total",31977,6017,"Census Tract 83.01, Fulton County, GA","14000US13121008301"
2016,"2016",0,"Total",27869,2612,"Census Tract 83.02, Fulton County, GA","14000US13121008302"
2016,"2016",0,"Total",20625,3035,"Census Tract 84, Fulton County, GA","14000US13121008400"
2016,"2016",0,"Total",28556,3607.0000000000005,"Census Tract 85, Fulton County, GA","14000US13121008500"
2016,"2016",0,"Total",20777,4459,"Census Tract 86.01, Fulton County, GA","14000US13121008601"
2016,"2016",0,"Total",35649,3479,"Census Tract 86.02, Fulton County, GA","14000US13121008602"
2016,"2016",0,"Total",27395,2522,"Census Tract 87, Fulton County, GA","14000US13121008700"
2016,"2016",0,"Total",94196,16061,"Census Tract 88, Fulton County, GA","14000US13121008800"
2016,"2016",0,"Total",60802,7774.999999999999,"Census Tract 89.02, Fulton County, GA","14000US13121008902"
2016,"2016",0,"Total",64323,9260,"Census Tract 89.03, Fulton County, GA","14000US13121008903"
2016,"2016",0,"Total",77055,13281,"Census Tract 89.04, Fulton County, GA","14000US13121008904"
2016,"2016",0,"Total",104459,3253,"Census Tract 90, Fulton County, GA","14000US13121009000"
2016,"2016",0,"Total",73651,5790,"Census Tract 91.01, Fulton County, GA","14000US13121009101"
2016,"2016",0,"Total",52339,25723,"Census Tract 91.02, Fulton County, GA","14000US13121009102"
2016,"2016",0,"Total",64902,3570.9999999999995,"Census Tract 92, Fulton County, GA","14000US13121009200"
2016,"2016",0,"Total",88389,17316,"Census Tract 93, Fulton County, GA","14000US13121009300"
2016,"2016",0,"Total",64342,6745.999999999999,"Census Tract 94.02, Fulton County, GA","14000US13121009402"
2016,"2016",0,"Total",42708,7709,"Census Tract 94.03, Fulton County, GA","14000US13121009403"
2016,"2016",0,"Total",70970,11888,"Census Tract 94.04, Fulton County, GA","14000US13121009404"
2016,"2016",0,"Total",127288,22203,"Census Tract 95.01, Fulton County, GA","14000US13121009501"
2016,"2016",0,"Total",71307,24311,"Census Tract 95.02, Fulton County, GA","14000US13121009502"
2016,"2016",0,"Total",93576,13378,"Census Tract 96.01, Fulton County, GA","14000US13121009601"
2016,"2016",0,"Total",100142,15514,"Census Tract 96.02, Fulton County, GA","14000US13121009602"
2016,"2016",0,"Total",67063,12620,"Census Tract 96.03, Fulton County, GA","14000US13121009603"
2016,"2016",0,"Total",181250,36688,"Census Tract 97, Fulton County, GA","14000US13121009700"
2016,"2016",0,"Total",117422,34993,"Census Tract 98.01, Fulton County, GA","14000US13121009801"
2016,"2016",0,"Total",142727,25079,"Census Tract 98.02, Fulton County, GA","14000US13121009802"
2016,"2016",0,"Total",133438,39843,"Census Tract 99, Fulton County, GA","14000US13121009900"
2016,"2016",0,"Total",101132,32453,"Census Tract 100.01, Fulton County, GA","14000US13121010001"
2016,"2016",0,"Total",140795,18218,"Census Tract 100.02, Fulton County, GA","14000US13121010002"
2016,"2016",0,"Total",54257,13739,"Census Tract 101.14, Fulton County, GA","14000US13121010114"
2016,"2016",0,"Total",184400,38038,"Census Tract 102.06, Fulton County, GA","14000US13121010206"
2016,"2016",0,"Total",155469,55103.99999999999,"Census Tract 102.11, Fulton County, GA","14000US13121010211"
2016,"2016",0,"Total",61804,10635,"Census Tract 103.03, Fulton County, GA","14000US13121010303"
2016,"2016",0,"Total",43326,6817,"Census Tract 108, Fulton County, GA","14000US13121010800"
2016,"2016",0,"Total",14068,2721,"Census Tract 118, Fulton County, GA","14000US13121011800"
2016,"2016",0,"Total",23185,8457,"Census Tract 119, Fulton County, GA","14000US13121011900"
2016,"2016",0,"Total",19841,10007,"Census Tract 120, Fulton County, GA","14000US13121012000"
2015,"2015",0,"Total",153177,26899,"Census Tract 201, DeKalb County, GA","14000US13089020100"
2015,"2015",0,"Total",102829,24355,"Census Tract 202, DeKalb County, GA","14000US13089020200"
2015,"2015",0,"Total",101875,7320,"Census Tract 203, DeKalb County, GA","14000US13089020300"
2015,"2015",0,"Total",78897,10871,"Census Tract 204, DeKalb County, GA","14000US13089020400"
2015,"2015",0,"Total",41758,7282,"Census Tract 205, DeKalb County, GA","14000US13089020500"
2015,"2015",0,"Total",38452,8450,"Census Tract 206, DeKalb County, GA","14000US13089020600"
2015,"2015",0,"Total",50833,7160,"Census Tract 207, DeKalb County, GA","14000US13089020700"
2015,"2015",0,"Total",75956,14993,"Census Tract 208.01, DeKalb County, GA","14000US13089020801"
2015,"2015",0,"Total",51944,9403,"Census Tract 208.02, DeKalb County, GA","14000US13089020802"
2015,"2015",0,"Total",48535,10011,"Census Tract 209, DeKalb County, GA","14000US13089020900"
2015,"2015",0,"Total",73977,20464,"Census Tract 224.01, DeKalb County, GA","14000US13089022401"
2015,"2015",0,"Total",30477,10080,"Census Tract 237, DeKalb County, GA","14000US13089023700"
2015,"2015",0,"Total",139487,14576,"Census Tract 1, Fulton County, GA","14000US13121000100"
2015,"2015",0,"Total",100985,10354,"Census Tract 2, Fulton County, GA","14000US13121000200"
2015,"2015",0,"Total",102560,35035,"Census Tract 4, Fulton County, GA","14000US13121000400"
2015,"2015",0,"Total",89196,20375,"Census Tract 5, Fulton County, GA","14000US13121000500"
2015,"2015",0,"Total",43146,2481,"Census Tract 6, Fulton County, GA","14000US13121000600"
2015,"2015",0,"Total",71667,28128.000000000004,"Census Tract 7, Fulton County, GA","14000US13121000700"
2015,"2015",0,"Total",75375,13325,"Census Tract 10.01, Fulton County, GA","14000US13121001001"
2015,"2015",0,"Total",30333,11858,"Census Tract 10.02, Fulton County, GA","14000US13121001002"
2015,"2015",0,"Total",81655,4742,"Census Tract 11, Fulton County, GA","14000US13121001100"
2015,"2015",0,"Total",59840,11258,"Census Tract 12.01, Fulton County, GA","14000US13121001201"
2015,"2015",0,"Total",68117,7438,"Census Tract 12.02, Fulton County, GA","14000US13121001202"
2015,"2015",0,"Total",58125,11296,"Census Tract 13, Fulton County, GA","14000US13121001300"
2015,"2015",0,"Total",71469,14258.999999999998,"Census Tract 14, Fulton County, GA","14000US13121001400"
2015,"2015",0,"Total",60182,12058,"Census Tract 15, Fulton County, GA","14000US13121001500"
2015,"2015",0,"Total",60848,13339,"Census Tract 16, Fulton County, GA","14000US13121001600"
2015,"2015",0,"Total",46571,9633,"Census Tract 17, Fulton County, GA","14000US13121001700"
2015,"2015",0,"Total",36815,11499,"Census Tract 18, Fulton County, GA","14000US13121001800"
2015,"2015",0,"Total",54073,16185,"Census Tract 19, Fulton County, GA","14000US13121001900"
2015,"2015",0,"Total",37627,9579,"Census Tract 21, Fulton County, GA","14000US13121002100"
2015,"2015",0,"Total",23088,3847,"Census Tract 23, Fulton County, GA","14000US13121002300"
2015,"2015",0,"Total",31271,3247,"Census Tract 24, Fulton County, GA","14000US13121002400"
2015,"2015",0,"Total",24199,3104,"Census Tract 25, Fulton County, GA","14000US13121002500"
2015,"2015",0,"Total",30046,7139.000000000001,"Census Tract 26, Fulton County, GA","14000US13121002600"
2015,"2015",0,"Total",21938,4095,"Census Tract 28, Fulton County, GA","14000US13121002800"
2015,"2015",0,"Total",59276,7306.000000000001,"Census Tract 29, Fulton County, GA","14000US13121002900"
2015,"2015",0,"Total",83576,12171,"Census Tract 30, Fulton County, GA","14000US13121003000"
2015,"2015",0,"Total",45000,13064,"Census Tract 31, Fulton County, GA","14000US13121003100"
2015,"2015",0,"Total",65168,9287,"Census Tract 32, Fulton County, GA","14000US13121003200"
2015,"2015",0,"Total",50850,6008,"Census Tract 35, Fulton County, GA","14000US13121003500"
2015,"2015",0,"Total",32337,8639,"Census Tract 36, Fulton County, GA","14000US13121003600"
2015,"2015",0,"Total",12411,5926,"Census Tract 37, Fulton County, GA","14000US13121003700"
2015,"2015",0,"Total",19904,7757,"Census Tract 38, Fulton County, GA","14000US13121003800"
2015,"2015",0,"Total",25729,7068,"Census Tract 39, Fulton County, GA","14000US13121003900"
2015,"2015",0,"Total",32813,8753,"Census Tract 40, Fulton County, GA","14000US13121004000"
2015,"2015",0,"Total",26278,6291,"Census Tract 41, Fulton County, GA","14000US13121004100"
2015,"2015",0,"Total",19375,3752,"Census Tract 42, Fulton County, GA","14000US13121004200"
2015,"2015",0,"Total",29238,6136,"Census Tract 43, Fulton County, GA","14000US13121004300"
2015,"2015",0,"Total",18750,4445,"Census Tract 44, Fulton County, GA","14000US13121004400"
2015,"2015",0,"Total",18365,6364,"Census Tract 48, Fulton County, GA","14000US13121004800"
2015,"2015",0,"Total",62683,7792.000000000001,"Census Tract 49, Fulton County, GA","14000US13121004900"
2015,"2015",0,"Total",72500,12616,"Census Tract 50, Fulton County, GA","14000US13121005000"
2015,"2015",0,"Total",76903,10524,"Census Tract 52, Fulton County, GA","14000US13121005200"
2015,"2015",0,"Total",92500,8343,"Census Tract 53, Fulton County, GA","14000US13121005300"
2015,"2015",0,"Total",19691,12851,"Census Tract 55.01, Fulton County, GA","14000US13121005501"
2015,"2015",0,"Total",15682,2069,"Census Tract 55.02, Fulton County, GA","14000US13121005502"
2015,"2015",0,"Total",16172,4253,"Census Tract 57, Fulton County, GA","14000US13121005700"
2015,"2015",0,"Total",26250,7722,"Census Tract 58, Fulton County, GA","14000US13121005800"
2015,"2015",0,"Total",28707,6223,"Census Tract 60, Fulton County, GA","14000US13121006000"
2015,"2015",0,"Total",31719,10619,"Census Tract 61, Fulton County, GA","14000US13121006100"
2015,"2015",0,"Total",22139,5955,"Census Tract 62, Fulton County, GA","14000US13121006200"
2015,"2015",0,"Total",21875,4109,"Census Tract 63, Fulton County, GA","14000US13121006300"
2015,"2015",0,"Total",30179,12351,"Census Tract 64, Fulton County, GA","14000US13121006400"
2015,"2015",0,"Total",41678,3009,"Census Tract 65, Fulton County, GA","14000US13121006500"
2015,"2015",0,"Total",36957,9891,"Census Tract 66.01, Fulton County, GA","14000US13121006601"
2015,"2015",0,"Total",16761,4173,"Census Tract 66.02, Fulton County, GA","14000US13121006602"
2015,"2015",0,"Total",20369,1878,"Census Tract 67, Fulton County, GA","14000US13121006700"
2015,"2015",0,"Total",45565,9436,"Census Tract 69, Fulton County, GA","14000US13121006900"
2015,"2015",0,"Total",21587,6701,"Census Tract 70.01, Fulton County, GA","14000US13121007001"
2015,"2015",0,"Total",26329,5835,"Census Tract 70.02, Fulton County, GA","14000US13121007002"
2015,"2015",0,"Total",20810,3136,"Census Tract 71, Fulton County, GA","14000US13121007100"
2015,"2015",0,"Total",22332,3994,"Census Tract 72, Fulton County, GA","14000US13121007200"
2015,"2015",0,"Total",22329,5656,"Census Tract 73, Fulton County, GA","14000US13121007300"
2015,"2015",0,"Total",16113,4498,"Census Tract 74, Fulton County, GA","14000US13121007400"
2015,"2015",0,"Total",16196,3799.0000000000005,"Census Tract 75, Fulton County, GA","14000US13121007500"
2015,"2015",0,"Total",31108,4795,"Census Tract 76.02, Fulton County, GA","14000US13121007602"
2015,"2015",0,"Total",13251,1754.9999999999998,"Census Tract 76.03, Fulton County, GA","14000US13121007603"
2015,"2015",0,"Total",13674,5420,"Census Tract 76.04, Fulton County, GA","14000US13121007604"
2015,"2015",0,"Total",43531,4536,"Census Tract 77.03, Fulton County, GA","14000US13121007703"
2015,"2015",0,"Total",33750,5187,"Census Tract 77.04, Fulton County, GA","14000US13121007704"
2015,"2015",0,"Total",21949,3488,"Census Tract 77.05, Fulton County, GA","14000US13121007705"
2015,"2015",0,"Total",40220,7146,"Census Tract 77.06, Fulton County, GA","14000US13121007706"
2015,"2015",0,"Total",48877,5643,"Census Tract 78.02, Fulton County, GA","14000US13121007802"
2015,"2015",0,"Total",31797,7773,"Census Tract 78.05, Fulton County, GA","14000US13121007805"
2015,"2015",0,"Total",28333,8118.999999999999,"Census Tract 78.06, Fulton County, GA","14000US13121007806"
2015,"2015",0,"Total",20775,7221,"Census Tract 78.07, Fulton County, GA","14000US13121007807"
2015,"2015",0,"Total",11766,3532,"Census Tract 78.08, Fulton County, GA","14000US13121007808"
2015,"2015",0,"Total",52181,11617,"Census Tract 79, Fulton County, GA","14000US13121007900"
2015,"2015",0,"Total",39531,10341,"Census Tract 80, Fulton County, GA","14000US13121008000"
2015,"2015",0,"Total",29300,5867,"Census Tract 81.01, Fulton County, GA","14000US13121008101"
2015,"2015",0,"Total",21192,5992,"Census Tract 81.02, Fulton County, GA","14000US13121008102"
2015,"2015",0,"Total",26705,2981,"Census Tract 82.01, Fulton County, GA","14000US13121008201"
2015,"2015",0,"Total",27346,4255,"Census Tract 82.02, Fulton County, GA","14000US13121008202"
2015,"2015",0,"Total",27432,7818,"Census Tract 83.01, Fulton County, GA","14000US13121008301"
2015,"2015",0,"Total",28500,5000,"Census Tract 83.02, Fulton County, GA","14000US13121008302"
2015,"2015",0,"Total",21525,2434,"Census Tract 84, Fulton County, GA","14000US13121008400"
2015,"2015",0,"Total",27383,3212,"Census Tract 85, Fulton County, GA","14000US13121008500"
2015,"2015",0,"Total",21106,2725,"Census Tract 86.01, Fulton County, GA","14000US13121008601"
2015,"2015",0,"Total",35885,4548,"Census Tract 86.02, Fulton County, GA","14000US13121008602"
2015,"2015",0,"Total",26998,3668.0000000000005,"Census Tract 87, Fulton County, GA","14000US13121008700"
2015,"2015",0,"Total",81333,30249,"Census Tract 88, Fulton County, GA","14000US13121008800"
2015,"2015",0,"Total",54497,4145,"Census Tract 89.02, Fulton County, GA","14000US13121008902"
2015,"2015",0,"Total",62667,12262,"Census Tract 89.03, Fulton County, GA","14000US13121008903"
2015,"2015",0,"Total",73894,10127,"Census Tract 89.04, Fulton County, GA","14000US13121008904"
2015,"2015",0,"Total",101818,9644,"Census Tract 90, Fulton County, GA","14000US13121009000"
2015,"2015",0,"Total",71145,8969,"Census Tract 91.01, Fulton County, GA","14000US13121009101"
2015,"2015",0,"Total",42247,20157,"Census Tract 91.02, Fulton County, GA","14000US13121009102"
2015,"2015",0,"Total",59043,7844,"Census Tract 92, Fulton County, GA","14000US13121009200"
2015,"2015",0,"Total",92775,12365,"Census Tract 93, Fulton County, GA","14000US13121009300"
2015,"2015",0,"Total",62868,5321,"Census Tract 94.02, Fulton County, GA","14000US13121009402"
2015,"2015",0,"Total",41655,6669,"Census Tract 94.03, Fulton County, GA","14000US13121009403"
2015,"2015",0,"Total",71993,23699,"Census Tract 94.04, Fulton County, GA","14000US13121009404"
2015,"2015",0,"Total",155568,29361,"Census Tract 95.01, Fulton County, GA","14000US13121009501"
2015,"2015",0,"Total",52086,20917,"Census Tract 95.02, Fulton County, GA","14000US13121009502"
2015,"2015",0,"Total",93906,16560,"Census Tract 96.01, Fulton County, GA","14000US13121009601"
2015,"2015",0,"Total",95559,17899,"Census Tract 96.02, Fulton County, GA","14000US13121009602"
2015,"2015",0,"Total",62866,6852.999999999999,"Census Tract 96.03, Fulton County, GA","14000US13121009603"
2015,"2015",0,"Total",178438,38890,"Census Tract 97, Fulton County, GA","14000US13121009700"
2015,"2015",0,"Total",126447,29774.999999999996,"Census Tract 98.01, Fulton County, GA","14000US13121009801"
2015,"2015",0,"Total",157837,36958,"Census Tract 98.02, Fulton County, GA","14000US13121009802"
2015,"2015",0,"Total",112589,29136.999999999996,"Census Tract 99, Fulton County, GA","14000US13121009900"
2015,"2015",0,"Total",109327,15445.000000000002,"Census Tract 100.01, Fulton County, GA","14000US13121010001"
2015,"2015",0,"Total",150599,20381,"Census Tract 100.02, Fulton County, GA","14000US13121010002"
2015,"2015",0,"Total",60020,16247.999999999998,"Census Tract 101.14, Fulton County, GA","14000US13121010114"
2015,"2015",0,"Total",168214,31800,"Census Tract 102.06, Fulton County, GA","14000US13121010206"
2015,"2015",0,"Total",134048,63735,"Census Tract 102.11, Fulton County, GA","14000US13121010211"
2015,"2015",0,"Total",56698,9415,"Census Tract 103.03, Fulton County, GA","14000US13121010303"
2015,"2015",0,"Total",41670,6394,"Census Tract 108, Fulton County, GA","14000US13121010800"
2015,"2015",0,"Total",10000,5270,"Census Tract 118, Fulton County, GA","14000US13121011800"
2015,"2015",0,"Total",28207,7983,"Census Tract 119, Fulton County, GA","14000US13121011900"
2015,"2015",0,"Total",17558,4146,"Census Tract 120, Fulton County, GA","14000US13121012000"
2014,"2014",0,"Total",130385,27267,"Census Tract 201, DeKalb County, GA","14000US13089020100"
2014,"2014",0,"Total",87500,27351.000000000004,"Census Tract 202, DeKalb County, GA","14000US13089020200"
2014,"2014",0,"Total",103722,10820,"Census Tract 203, DeKalb County, GA","14000US13089020300"
2014,"2014",0,"Total",83720,10397,"Census Tract 204, DeKalb County, GA","14000US13089020400"
2014,"2014",0,"Total",45760,8734,"Census Tract 205, DeKalb County, GA","14000US13089020500"
2014,"2014",0,"Total",38661,9236,"Census Tract 206, DeKalb County, GA","14000US13089020600"
2014,"2014",0,"Total",45742,4823,"Census Tract 207, DeKalb County, GA","14000US13089020700"
2014,"2014",0,"Total",67005,13782,"Census Tract 208.01, DeKalb County, GA","14000US13089020801"
2014,"2014",0,"Total",49464,13040,"Census Tract 208.02, DeKalb County, GA","14000US13089020802"
2014,"2014",0,"Total",46161,10416,"Census Tract 209, DeKalb County, GA","14000US13089020900"
2014,"2014",0,"Total",70417,17614,"Census Tract 224.01, DeKalb County, GA","14000US13089022401"
2014,"2014",0,"Total",26849,10631,"Census Tract 237, DeKalb County, GA","14000US13089023700"
2014,"2014",0,"Total",128578,20595,"Census Tract 1, Fulton County, GA","14000US13121000100"
2014,"2014",0,"Total",101100,16567,"Census Tract 2, Fulton County, GA","14000US13121000200"
2014,"2014",0,"Total",92273,26511,"Census Tract 4, Fulton County, GA","14000US13121000400"
2014,"2014",0,"Total",81615,23756,"Census Tract 5, Fulton County, GA","14000US13121000500"
2014,"2014",0,"Total",44612,4861,"Census Tract 6, Fulton County, GA","14000US13121000600"
2014,"2014",0,"Total",68631,9442,"Census Tract 7, Fulton County, GA","14000US13121000700"
2014,"2014",0,"Total",67353,16244,"Census Tract 10.01, Fulton County, GA","14000US13121001001"
2014,"2014",0,"Total",32961,12802,"Census Tract 10.02, Fulton County, GA","14000US13121001002"
2014,"2014",0,"Total",71901,7175,"Census Tract 11, Fulton County, GA","14000US13121001100"
2014,"2014",0,"Total",57250,6692,"Census Tract 12.01, Fulton County, GA","14000US13121001201"
2014,"2014",0,"Total",66670,4245,"Census Tract 12.02, Fulton County, GA","14000US13121001202"
2014,"2014",0,"Total",57625,13167,"Census Tract 13, Fulton County, GA","14000US13121001300"
2014,"2014",0,"Total",70215,15144,"Census Tract 14, Fulton County, GA","14000US13121001400"
2014,"2014",0,"Total",61362,8575,"Census Tract 15, Fulton County, GA","14000US13121001500"
2014,"2014",0,"Total",63417,10857,"Census Tract 16, Fulton County, GA","14000US13121001600"
2014,"2014",0,"Total",35337,11559,"Census Tract 17, Fulton County, GA","14000US13121001700"
2014,"2014",0,"Total",34583,9113,"Census Tract 18, Fulton County, GA","14000US13121001800"
2014,"2014",0,"Total",51474,8740,"Census Tract 19, Fulton County, GA","14000US13121001900"
2014,"2014",0,"Total",32279,14222,"Census Tract 21, Fulton County, GA","14000US13121002100"
2014,"2014",0,"Total",21486,3381,"Census Tract 23, Fulton County, GA","14000US13121002300"
2014,"2014",0,"Total",29451,7842.000000000001,"Census Tract 24, Fulton County, GA","14000US13121002400"
2014,"2014",0,"Total",22351,3775,"Census Tract 25, Fulton County, GA","14000US13121002500"
2014,"2014",0,"Total",30118,12680,"Census Tract 26, Fulton County, GA","14000US13121002600"
2014,"2014",0,"Total",20915,5961,"Census Tract 28, Fulton County, GA","14000US13121002800"
2014,"2014",0,"Total",60667,11570,"Census Tract 29, Fulton County, GA","14000US13121002900"
2014,"2014",0,"Total",86103,13319,"Census Tract 30, Fulton County, GA","14000US13121003000"
2014,"2014",0,"Total",47843,7470,"Census Tract 31, Fulton County, GA","14000US13121003100"
2014,"2014",0,"Total",52770,7652,"Census Tract 32, Fulton County, GA","14000US13121003200"
2014,"2014",0,"Total",53953,3892,"Census Tract 35, Fulton County, GA","14000US13121003500"
2014,"2014",0,"Total",30375,14801,"Census Tract 36, Fulton County, GA","14000US13121003600"
2014,"2014",0,"Total",21071,18604,"Census Tract 38, Fulton County, GA","14000US13121003800"
2014,"2014",0,"Total",21875,11646,"Census Tract 39, Fulton County, GA","14000US13121003900"
2014,"2014",0,"Total",25388,5265,"Census Tract 40, Fulton County, GA","14000US13121004000"
2014,"2014",0,"Total",24554,6537,"Census Tract 41, Fulton County, GA","14000US13121004100"
2014,"2014",0,"Total",19055,6188,"Census Tract 42, Fulton County, GA","14000US13121004200"
2014,"2014",0,"Total",30272,7445.999999999999,"Census Tract 43, Fulton County, GA","14000US13121004300"
2014,"2014",0,"Total",18359,3855.0000000000005,"Census Tract 44, Fulton County, GA","14000US13121004400"
2014,"2014",0,"Total",11199,3102,"Census Tract 48, Fulton County, GA","14000US13121004800"
2014,"2014",0,"Total",58887,2975,"Census Tract 49, Fulton County, GA","14000US13121004900"
2014,"2014",0,"Total",61806,11875,"Census Tract 50, Fulton County, GA","14000US13121005000"
2014,"2014",0,"Total",83542,18458,"Census Tract 52, Fulton County, GA","14000US13121005200"
2014,"2014",0,"Total",91216,10989,"Census Tract 53, Fulton County, GA","14000US13121005300"
2014,"2014",0,"Total",25321,10745,"Census Tract 55.01, Fulton County, GA","14000US13121005501"
2014,"2014",0,"Total",16726,2728,"Census Tract 55.02, Fulton County, GA","14000US13121005502"
2014,"2014",0,"Total",17717,5144,"Census Tract 57, Fulton County, GA","14000US13121005700"
2014,"2014",0,"Total",25795,14104.000000000002,"Census Tract 58, Fulton County, GA","14000US13121005800"
2014,"2014",0,"Total",26359,7941.999999999999,"Census Tract 60, Fulton County, GA","14000US13121006000"
2014,"2014",0,"Total",26107,11053,"Census Tract 61, Fulton County, GA","14000US13121006100"
2014,"2014",0,"Total",24844,6535,"Census Tract 62, Fulton County, GA","14000US13121006200"
2014,"2014",0,"Total",22009,5048,"Census Tract 63, Fulton County, GA","14000US13121006300"
2014,"2014",0,"Total",31324,18232,"Census Tract 64, Fulton County, GA","14000US13121006400"
2014,"2014",0,"Total",41869,3451,"Census Tract 65, Fulton County, GA","14000US13121006500"
2014,"2014",0,"Total",29911,9105,"Census Tract 66.01, Fulton County, GA","14000US13121006601"
2014,"2014",0,"Total",13872,4731,"Census Tract 66.02, Fulton County, GA","14000US13121006602"
2014,"2014",0,"Total",19629,2466,"Census Tract 67, Fulton County, GA","14000US13121006700"
2014,"2014",0,"Total",2499,,"Census Tract 68.02, Fulton County, GA","14000US13121006802"
2014,"2014",0,"Total",44271,9719,"Census Tract 69, Fulton County, GA","14000US13121006900"
2014,"2014",0,"Total",25441,7338.999999999999,"Census Tract 70.01, Fulton County, GA","14000US13121007001"
2014,"2014",0,"Total",25496,6852,"Census Tract 70.02, Fulton County, GA","14000US13121007002"
2014,"2014",0,"Total",19470,4891,"Census Tract 71, Fulton County, GA","14000US13121007100"
2014,"2014",0,"Total",23708,7240,"Census Tract 72, Fulton County, GA","14000US13121007200"
2014,"2014",0,"Total",22982,4943,"Census Tract 73, Fulton County, GA","14000US13121007300"
2014,"2014",0,"Total",14879,2182,"Census Tract 74, Fulton County, GA","14000US13121007400"
2014,"2014",0,"Total",16695,4893,"Census Tract 75, Fulton County, GA","14000US13121007500"
2014,"2014",0,"Total",35446,7590,"Census Tract 76.02, Fulton County, GA","14000US13121007602"
2014,"2014",0,"Total",14112,2421,"Census Tract 76.03, Fulton County, GA","14000US13121007603"
2014,"2014",0,"Total",16289,3282,"Census Tract 76.04, Fulton County, GA","14000US13121007604"
2014,"2014",0,"Total",40793,7725.000000000001,"Census Tract 77.03, Fulton County, GA","14000US13121007703"
2014,"2014",0,"Total",33474,8210,"Census Tract 77.04, Fulton County, GA","14000US13121007704"
2014,"2014",0,"Total",19248,4314,"Census Tract 77.05, Fulton County, GA","14000US13121007705"
2014,"2014",0,"Total",42258,4126,"Census Tract 77.06, Fulton County, GA","14000US13121007706"
2014,"2014",0,"Total",46056,4090,"Census Tract 78.02, Fulton County, GA","14000US13121007802"
2014,"2014",0,"Total",32401,8839,"Census Tract 78.05, Fulton County, GA","14000US13121007805"
2014,"2014",0,"Total",31552,6329,"Census Tract 78.06, Fulton County, GA","14000US13121007806"
2014,"2014",0,"Total",17324,4766,"Census Tract 78.07, Fulton County, GA","14000US13121007807"
2014,"2014",0,"Total",11440,4097,"Census Tract 78.08, Fulton County, GA","14000US13121007808"
2014,"2014",0,"Total",58750,12510,"Census Tract 79, Fulton County, GA","14000US13121007900"
2014,"2014",0,"Total",38056,8103.999999999999,"Census Tract 80, Fulton County, GA","14000US13121008000"
2014,"2014",0,"Total",28929,2775,"Census Tract 81.01, Fulton County, GA","14000US13121008101"
2014,"2014",0,"Total",23032,4156,"Census Tract 81.02, Fulton County, GA","14000US13121008102"
2014,"2014",0,"Total",27001,3508,"Census Tract 82.01, Fulton County, GA","14000US13121008201"
2014,"2014",0,"Total",25757,6184,"Census Tract 82.02, Fulton County, GA","14000US13121008202"
2014,"2014",0,"Total",29926,5398,"Census Tract 83.01, Fulton County, GA","14000US13121008301"
2014,"2014",0,"Total",27381,7136,"Census Tract 83.02, Fulton County, GA","14000US13121008302"
2014,"2014",0,"Total",19250,4937,"Census Tract 84, Fulton County, GA","14000US13121008400"
2014,"2014",0,"Total",27740,2833,"Census Tract 85, Fulton County, GA","14000US13121008500"
2014,"2014",0,"Total",20440,4223,"Census Tract 86.01, Fulton County, GA","14000US13121008601"
2014,"2014",0,"Total",30563,11945,"Census Tract 86.02, Fulton County, GA","14000US13121008602"
2014,"2014",0,"Total",26279,4627,"Census Tract 87, Fulton County, GA","14000US13121008700"
2014,"2014",0,"Total",93750,18073,"Census Tract 88, Fulton County, GA","14000US13121008800"
2014,"2014",0,"Total",52442,4782,"Census Tract 89.02, Fulton County, GA","14000US13121008902"
2014,"2014",0,"Total",70771,2253,"Census Tract 89.03, Fulton County, GA","14000US13121008903"
2014,"2014",0,"Total",68098,13057,"Census Tract 89.04, Fulton County, GA","14000US13121008904"
2014,"2014",0,"Total",104038,5947,"Census Tract 90, Fulton County, GA","14000US13121009000"
2014,"2014",0,"Total",69750,10692,"Census Tract 91.01, Fulton County, GA","14000US13121009101"
2014,"2014",0,"Total",53482,21768,"Census Tract 91.02, Fulton County, GA","14000US13121009102"
2014,"2014",0,"Total",53331,3698.0000000000005,"Census Tract 92, Fulton County, GA","14000US13121009200"
2014,"2014",0,"Total",95179,12371,"Census Tract 93, Fulton County, GA","14000US13121009300"
2014,"2014",0,"Total",63799,3283,"Census Tract 94.02, Fulton County, GA","14000US13121009402"
2014,"2014",0,"Total",41296,13442,"Census Tract 94.03, Fulton County, GA","14000US13121009403"
2014,"2014",0,"Total",72282,19852,"Census Tract 94.04, Fulton County, GA","14000US13121009404"
2014,"2014",0,"Total",133750,24129,"Census Tract 95.01, Fulton County, GA","14000US13121009501"
2014,"2014",0,"Total",48068,6194,"Census Tract 95.02, Fulton County, GA","14000US13121009502"
2014,"2014",0,"Total",93026,14725,"Census Tract 96.01, Fulton County, GA","14000US13121009601"
2014,"2014",0,"Total",91875,18130,"Census Tract 96.02, Fulton County, GA","14000US13121009602"
2014,"2014",0,"Total",61908,10630,"Census Tract 96.03, Fulton County, GA","14000US13121009603"
2014,"2014",0,"Total",164659,42438,"Census Tract 97, Fulton County, GA","14000US13121009700"
2014,"2014",0,"Total",132143,34755,"Census Tract 98.01, Fulton County, GA","14000US13121009801"
2014,"2014",0,"Total",154702,15636,"Census Tract 98.02, Fulton County, GA","14000US13121009802"
2014,"2014",0,"Total",108800,21040,"Census Tract 99, Fulton County, GA","14000US13121009900"
2014,"2014",0,"Total",100921,20075,"Census Tract 100.01, Fulton County, GA","14000US13121010001"
2014,"2014",0,"Total",142375,21354,"Census Tract 100.02, Fulton County, GA","14000US13121010002"
2014,"2014",0,"Total",53763,7941,"Census Tract 101.14, Fulton County, GA","14000US13121010114"
2014,"2014",0,"Total",163194,33357,"Census Tract 102.06, Fulton County, GA","14000US13121010206"
2014,"2014",0,"Total",158209,53117,"Census Tract 102.11, Fulton County, GA","14000US13121010211"
2014,"2014",0,"Total",70352,14837.000000000002,"Census Tract 103.03, Fulton County, GA","14000US13121010303"
2014,"2014",0,"Total",37118,17938,"Census Tract 108, Fulton County, GA","14000US13121010800"
2014,"2014",0,"Total",9335,3891.0000000000005,"Census Tract 118, Fulton County, GA","14000US13121011800"
2014,"2014",0,"Total",24083,7415,"Census Tract 119, Fulton County, GA","14000US13121011900"
2014,"2014",0,"Total",12333,3415.0000000000005,"Census Tract 120, Fulton County, GA","14000US13121012000"
2013,"2013",0,"Total",159362,16849,"Census Tract 201, DeKalb County, GA","14000US13089020100"
2013,"2013",0,"Total",79289,20747,"Census Tract 202, DeKalb County, GA","14000US13089020200"
2013,"2013",0,"Total",104311,25709,"Census Tract 203, DeKalb County, GA","14000US13089020300"
2013,"2013",0,"Total",83378,4178,"Census Tract 204, DeKalb County, GA","14000US13089020400"
2013,"2013",0,"Total",39282,7824.999999999999,"Census Tract 205, DeKalb County, GA","14000US13089020500"
2013,"2013",0,"Total",39718,9394,"Census Tract 206, DeKalb County, GA","14000US13089020600"
2013,"2013",0,"Total",46458,12509,"Census Tract 207, DeKalb County, GA","14000US13089020700"
2013,"2013",0,"Total",70556,11458,"Census Tract 208.01, DeKalb County, GA","14000US13089020801"
2013,"2013",0,"Total",42679,8274,"Census Tract 208.02, DeKalb County, GA","14000US13089020802"
2013,"2013",0,"Total",37242,6565,"Census Tract 209, DeKalb County, GA","14000US13089020900"
2013,"2013",0,"Total",69917,15093,"Census Tract 224.01, DeKalb County, GA","14000US13089022401"
2013,"2013",0,"Total",25772,5774,"Census Tract 237, DeKalb County, GA","14000US13089023700"
2013,"2013",0,"Total",125819,15644.000000000002,"Census Tract 1, Fulton County, GA","14000US13121000100"
2013,"2013",0,"Total",94125,19161,"Census Tract 2, Fulton County, GA","14000US13121000200"
2013,"2013",0,"Total",105938,25568,"Census Tract 4, Fulton County, GA","14000US13121000400"
2013,"2013",0,"Total",77865,17528,"Census Tract 5, Fulton County, GA","14000US13121000500"
2013,"2013",0,"Total",43570,2966,"Census Tract 6, Fulton County, GA","14000US13121000600"
2013,"2013",0,"Total",63594,16799,"Census Tract 7, Fulton County, GA","14000US13121000700"
2013,"2013",0,"Total",64583,13615.000000000002,"Census Tract 10.01, Fulton County, GA","14000US13121001001"
2013,"2013",0,"Total",24028,21384,"Census Tract 10.02, Fulton County, GA","14000US13121001002"
2013,"2013",0,"Total",72762,12467,"Census Tract 11, Fulton County, GA","14000US13121001100"
2013,"2013",0,"Total",53623,9898,"Census Tract 12.01, Fulton County, GA","14000US13121001201"
2013,"2013",0,"Total",65255,6274,"Census Tract 12.02, Fulton County, GA","14000US13121001202"
2013,"2013",0,"Total",56320,10133,"Census Tract 13, Fulton County, GA","14000US13121001300"
2013,"2013",0,"Total",69018,9706,"Census Tract 14, Fulton County, GA","14000US13121001400"
2013,"2013",0,"Total",60722,10135,"Census Tract 15, Fulton County, GA","14000US13121001500"
2013,"2013",0,"Total",63750,11206,"Census Tract 16, Fulton County, GA","14000US13121001600"
2013,"2013",0,"Total",32847,17912,"Census Tract 17, Fulton County, GA","14000US13121001700"
2013,"2013",0,"Total",32453,9848,"Census Tract 18, Fulton County, GA","14000US13121001800"
2013,"2013",0,"Total",51098,12678,"Census Tract 19, Fulton County, GA","14000US13121001900"
2013,"2013",0,"Total",35250,12418,"Census Tract 21, Fulton County, GA","14000US13121002100"
2013,"2013",0,"Total",19840,5563,"Census Tract 23, Fulton County, GA","14000US13121002300"
2013,"2013",0,"Total",30500,5407,"Census Tract 24, Fulton County, GA","14000US13121002400"
2013,"2013",0,"Total",19912,4661,"Census Tract 25, Fulton County, GA","14000US13121002500"
2013,"2013",0,"Total",30458,11790,"Census Tract 26, Fulton County, GA","14000US13121002600"
2013,"2013",0,"Total",15172,7250,"Census Tract 28, Fulton County, GA","14000US13121002800"
2013,"2013",0,"Total",64671,15709.999999999998,"Census Tract 29, Fulton County, GA","14000US13121002900"
2013,"2013",0,"Total",71875,17047,"Census Tract 30, Fulton County, GA","14000US13121003000"
2013,"2013",0,"Total",47941,3494.9999999999995,"Census Tract 31, Fulton County, GA","14000US13121003100"
2013,"2013",0,"Total",48699,5425,"Census Tract 32, Fulton County, GA","14000US13121003200"
2013,"2013",0,"Total",56190,6383,"Census Tract 35, Fulton County, GA","14000US13121003500"
2013,"2013",0,"Total",30107,14053,"Census Tract 36, Fulton County, GA","14000US13121003600"
2013,"2013",0,"Total",21932,23393,"Census Tract 38, Fulton County, GA","14000US13121003800"
2013,"2013",0,"Total",19808,13384,"Census Tract 39, Fulton County, GA","14000US13121003900"
2013,"2013",0,"Total",26875,4418,"Census Tract 40, Fulton County, GA","14000US13121004000"
2013,"2013",0,"Total",22372,4834,"Census Tract 41, Fulton County, GA","14000US13121004100"
2013,"2013",0,"Total",18722,2967,"Census Tract 42, Fulton County, GA","14000US13121004200"
2013,"2013",0,"Total",31607,5641,"Census Tract 43, Fulton County, GA","14000US13121004300"
2013,"2013",0,"Total",18778,1796.0000000000002,"Census Tract 44, Fulton County, GA","14000US13121004400"
2013,"2013",0,"Total",10785,1395,"Census Tract 48, Fulton County, GA","14000US13121004800"
2013,"2013",0,"Total",58485,3580.9999999999995,"Census Tract 49, Fulton County, GA","14000US13121004900"
2013,"2013",0,"Total",57670,9406,"Census Tract 50, Fulton County, GA","14000US13121005000"
2013,"2013",0,"Total",78438,14472,"Census Tract 52, Fulton County, GA","14000US13121005200"
2013,"2013",0,"Total",91250,15607,"Census Tract 53, Fulton County, GA","14000US13121005300"
2013,"2013",0,"Total",20150,7857.000000000001,"Census Tract 55.01, Fulton County, GA","14000US13121005501"
2013,"2013",0,"Total",16321,2742,"Census Tract 55.02, Fulton County, GA","14000US13121005502"
2013,"2013",0,"Total",16310,3924.9999999999995,"Census Tract 57, Fulton County, GA","14000US13121005700"
2013,"2013",0,"Total",20345,10213,"Census Tract 58, Fulton County, GA","14000US13121005800"
2013,"2013",0,"Total",23409,6602,"Census Tract 60, Fulton County, GA","14000US13121006000"
2013,"2013",0,"Total",22500,10112,"Census Tract 61, Fulton County, GA","14000US13121006100"
2013,"2013",0,"Total",20900,2763,"Census Tract 62, Fulton County, GA","14000US13121006200"
2013,"2013",0,"Total",23398,4221,"Census Tract 63, Fulton County, GA","14000US13121006300"
2013,"2013",0,"Total",27159,6393,"Census Tract 64, Fulton County, GA","14000US13121006400"
2013,"2013",0,"Total",42442,3863,"Census Tract 65, Fulton County, GA","14000US13121006500"
2013,"2013",0,"Total",30234,7223,"Census Tract 66.01, Fulton County, GA","14000US13121006601"
2013,"2013",0,"Total",12439,2431,"Census Tract 66.02, Fulton County, GA","14000US13121006602"
2013,"2013",0,"Total",19907,2588,"Census Tract 67, Fulton County, GA","14000US13121006700"
2013,"2013",0,"Total",7872,8217,"Census Tract 68.02, Fulton County, GA","14000US13121006802"
2013,"2013",0,"Total",48482,6889,"Census Tract 69, Fulton County, GA","14000US13121006900"
2013,"2013",0,"Total",26157,10341,"Census Tract 70.01, Fulton County, GA","14000US13121007001"
2013,"2013",0,"Total",19943,12757,"Census Tract 70.02, Fulton County, GA","14000US13121007002"
2013,"2013",0,"Total",20282,5339,"Census Tract 71, Fulton County, GA","14000US13121007100"
2013,"2013",0,"Total",22669,4705,"Census Tract 72, Fulton County, GA","14000US13121007200"
2013,"2013",0,"Total",23933,7428.999999999999,"Census Tract 73, Fulton County, GA","14000US13121007300"
2013,"2013",0,"Total",14754,2238,"Census Tract 74, Fulton County, GA","14000US13121007400"
2013,"2013",0,"Total",17545,5970,"Census Tract 75, Fulton County, GA","14000US13121007500"
2013,"2013",0,"Total",32893,8008,"Census Tract 76.02, Fulton County, GA","14000US13121007602"
2013,"2013",0,"Total",14346,3036,"Census Tract 76.03, Fulton County, GA","14000US13121007603"
2013,"2013",0,"Total",17238,3418.9999999999995,"Census Tract 76.04, Fulton County, GA","14000US13121007604"
2013,"2013",0,"Total",36971,7677,"Census Tract 77.03, Fulton County, GA","14000US13121007703"
2013,"2013",0,"Total",36896,9212,"Census Tract 77.04, Fulton County, GA","14000US13121007704"
2013,"2013",0,"Total",21170,4799,"Census Tract 77.05, Fulton County, GA","14000US13121007705"
2013,"2013",0,"Total",44877,9090,"Census Tract 77.06, Fulton County, GA","14000US13121007706"
2013,"2013",0,"Total",46116,5617,"Census Tract 78.02, Fulton County, GA","14000US13121007802"
2013,"2013",0,"Total",37857,8289,"Census Tract 78.05, Fulton County, GA","14000US13121007805"
2013,"2013",0,"Total",31886,6181,"Census Tract 78.06, Fulton County, GA","14000US13121007806"
2013,"2013",0,"Total",17466,7059,"Census Tract 78.07, Fulton County, GA","14000US13121007807"
2013,"2013",0,"Total",11438,2304,"Census Tract 78.08, Fulton County, GA","14000US13121007808"
2013,"2013",0,"Total",57784,7993,"Census Tract 79, Fulton County, GA","14000US13121007900"
2013,"2013",0,"Total",40517,6507,"Census Tract 80, Fulton County, GA","14000US13121008000"
2013,"2013",0,"Total",29178,3934.9999999999995,"Census Tract 81.01, Fulton County, GA","14000US13121008101"
2013,"2013",0,"Total",23577,5925,"Census Tract 81.02, Fulton County, GA","14000US13121008102"
2013,"2013",0,"Total",27490,3868.9999999999995,"Census Tract 82.01, Fulton County, GA","14000US13121008201"
2013,"2013",0,"Total",26736,6708,"Census Tract 82.02, Fulton County, GA","14000US13121008202"
2013,"2013",0,"Total",24286,3673.0000000000005,"Census Tract 83.01, Fulton County, GA","14000US13121008301"
2013,"2013",0,"Total",28542,9903,"Census Tract 83.02, Fulton County, GA","14000US13121008302"
2013,"2013",0,"Total",20458,5086,"Census Tract 84, Fulton County, GA","14000US13121008400"
2013,"2013",0,"Total",27880,3130,"Census Tract 85, Fulton County, GA","14000US13121008500"
2013,"2013",0,"Total",20236,5268,"Census Tract 86.01, Fulton County, GA","14000US13121008601"
2013,"2013",0,"Total",33875,17010,"Census Tract 86.02, Fulton County, GA","14000US13121008602"
2013,"2013",0,"Total",21699,3134,"Census Tract 87, Fulton County, GA","14000US13121008700"
2013,"2013",0,"Total",88477,20099,"Census Tract 88, Fulton County, GA","14000US13121008800"
2013,"2013",0,"Total",53902,7500,"Census Tract 89.02, Fulton County, GA","14000US13121008902"
2013,"2013",0,"Total",66635,18256,"Census Tract 89.03, Fulton County, GA","14000US13121008903"
2013,"2013",0,"Total",70787,14362,"Census Tract 89.04, Fulton County, GA","14000US13121008904"
2013,"2013",0,"Total",103387,7493.000000000001,"Census Tract 90, Fulton County, GA","14000US13121009000"
2013,"2013",0,"Total",71691,9346,"Census Tract 91.01, Fulton County, GA","14000US13121009101"
2013,"2013",0,"Total",44089,22660,"Census Tract 91.02, Fulton County, GA","14000US13121009102"
2013,"2013",0,"Total",54130,3158,"Census Tract 92, Fulton County, GA","14000US13121009200"
2013,"2013",0,"Total",92857,11970,"Census Tract 93, Fulton County, GA","14000US13121009300"
2013,"2013",0,"Total",62745,8096,"Census Tract 94.02, Fulton County, GA","14000US13121009402"
2013,"2013",0,"Total",54643,8469,"Census Tract 94.03, Fulton County, GA","14000US13121009403"
2013,"2013",0,"Total",86205,14820,"Census Tract 94.04, Fulton County, GA","14000US13121009404"
2013,"2013",0,"Total",139750,23422,"Census Tract 95.01, Fulton County, GA","14000US13121009501"
2013,"2013",0,"Total",50655,9007,"Census Tract 95.02, Fulton County, GA","14000US13121009502"
2013,"2013",0,"Total",88264,30804,"Census Tract 96.01, Fulton County, GA","14000US13121009601"
2013,"2013",0,"Total",96696,19530,"Census Tract 96.02, Fulton County, GA","14000US13121009602"
2013,"2013",0,"Total",59800,10291,"Census Tract 96.03, Fulton County, GA","14000US13121009603"
2013,"2013",0,"Total",163125,39808,"Census Tract 97, Fulton County, GA","14000US13121009700"
2013,"2013",0,"Total",143000,34761,"Census Tract 98.01, Fulton County, GA","14000US13121009801"
2013,"2013",0,"Total",159405,60290,"Census Tract 98.02, Fulton County, GA","14000US13121009802"
2013,"2013",0,"Total",110865,20691,"Census Tract 99, Fulton County, GA","14000US13121009900"
2013,"2013",0,"Total",96343,20965,"Census Tract 100.01, Fulton County, GA","14000US13121010001"
2013,"2013",0,"Total",148838,12825,"Census Tract 100.02, Fulton County, GA","14000US13121010002"
2013,"2013",0,"Total",54105,11843,"Census Tract 101.14, Fulton County, GA","14000US13121010114"
2013,"2013",0,"Total",160223,31089.999999999996,"Census Tract 102.06, Fulton County, GA","14000US13121010206"
2013,"2013",0,"Total",125417,40595,"Census Tract 102.11, Fulton County, GA","14000US13121010211"
2013,"2013",0,"Total",71333,12031,"Census Tract 103.03, Fulton County, GA","14000US13121010303"
2013,"2013",0,"Total",36435,8672,"Census Tract 108, Fulton County, GA","14000US13121010800"
2013,"2013",0,"Total",13056,4756,"Census Tract 118, Fulton County, GA","14000US13121011800"
2013,"2013",0,"Total",23791,4804,"Census Tract 119, Fulton County, GA","14000US13121011900"
2013,"2013",0,"Total",12475,3258,"Census Tract 120, Fulton County, GA","14000US13121012000"